label,cluster_size,filename,jobid,nprocs,pct_byte_reads_enc,pct_byte_writes_enc,pct_reads_enc,pct_writes_enc,pct_seq_reads_enc,pct_seq_writes_enc,pct_consec_reads_enc,pct_consec_writes_enc,pct_rw_switches_enc,pct_file_not_aligned_enc,pct_mem_not_aligned_enc,pct_read_size_enc,pct_write_size_enc,pct_io_enc,share_enc,vol_share_enc,pct_bytes_mode_enc,pct_mode_enc,meta_dominant_enc,pct_byte_reads_cat,pct_byte_writes_cat,pct_reads_cat,pct_writes_cat,pct_seq_reads_cat,pct_seq_writes_cat,pct_consec_reads_cat,pct_consec_writes_cat,pct_rw_switches_cat,pct_file_not_aligned_cat,pct_mem_not_aligned_cat,pct_read_size_cat,pct_write_size_cat,pct_io_cat,share_cat,vol_share_cat,pct_bytes_mode_cat,pct_mode_cat,meta_dominant_cat,pct_file_not_aligned,pct_mem_not_aligned,pct_reads,pct_writes,pct_consec_reads,pct_consec_writes,pct_seq_reads,pct_seq_writes,pct_rw_switches,pct_byte_reads,pct_byte_writes,pct_io_access,pct_meta_open_access,pct_meta_stat_access,pct_meta_seek_access,pct_meta_sync_access,pct_read_0_100K,pct_read_100K_10M,pct_read_10M_1G_PLUS,pct_write_0_100K,pct_write_100K_10M,pct_write_10M_1G_PLUS,pct_shared_files,pct_bytes_shared_files,pct_unique_files,pct_bytes_unique_files,pct_read_only_files,pct_bytes_read_only_files,pct_read_write_files,pct_bytes_read_write_files,pct_write_only_files,pct_bytes_write_only_files,exe,uid,start_time,start_time_asci,end_time,end_time_asci,run_time,POSIX_ACCESS1_ACCESS,POSIX_ACCESS1_COUNT,POSIX_ACCESS2_ACCESS,POSIX_ACCESS2_COUNT,POSIX_ACCESS3_ACCESS,POSIX_ACCESS3_COUNT,POSIX_ACCESS4_ACCESS,POSIX_ACCESS4_COUNT,POSIX_BYTES_READ,POSIX_BYTES_WRITTEN,POSIX_CONSEC_READS,POSIX_CONSEC_WRITES,POSIX_DUPS,POSIX_FASTEST_RANK,POSIX_FASTEST_RANK_BYTES,POSIX_FDSYNCS,POSIX_FILENOS,POSIX_FILE_ALIGNMENT,POSIX_FILE_NOT_ALIGNED,POSIX_FSYNCS,POSIX_F_CLOSE_END_TIMESTAMP,POSIX_F_CLOSE_START_TIMESTAMP,POSIX_F_FASTEST_RANK_TIME,POSIX_F_MAX_READ_TIME,POSIX_F_MAX_WRITE_TIME,POSIX_F_META_TIME,POSIX_F_OPEN_END_TIMESTAMP,POSIX_F_OPEN_START_TIMESTAMP,POSIX_F_READ_END_TIMESTAMP,POSIX_F_READ_START_TIMESTAMP,POSIX_F_READ_TIME,POSIX_F_SLOWEST_RANK_TIME,POSIX_F_VARIANCE_RANK_BYTES,POSIX_F_VARIANCE_RANK_TIME,POSIX_F_WRITE_END_TIMESTAMP,POSIX_F_WRITE_START_TIMESTAMP,POSIX_F_WRITE_TIME,POSIX_MAX_BYTE_READ,POSIX_MAX_BYTE_WRITTEN,POSIX_MAX_READ_TIME_SIZE,POSIX_MAX_WRITE_TIME_SIZE,POSIX_MEM_ALIGNMENT,POSIX_MEM_NOT_ALIGNED,POSIX_MMAPS,POSIX_MODE,POSIX_OPENS,POSIX_READS,POSIX_RENAMED_FROM,POSIX_RENAME_SOURCES,POSIX_RENAME_TARGETS,POSIX_RW_SWITCHES,POSIX_SEEKS,POSIX_SEQ_READS,POSIX_SEQ_WRITES,POSIX_SIZE_READ_0_100,POSIX_SIZE_READ_100K_1M,POSIX_SIZE_READ_100M_1G,POSIX_SIZE_READ_100_1K,POSIX_SIZE_READ_10K_100K,POSIX_SIZE_READ_10M_100M,POSIX_SIZE_READ_1G_PLUS,POSIX_SIZE_READ_1K_10K,POSIX_SIZE_READ_1M_4M,POSIX_SIZE_READ_4M_10M,POSIX_SIZE_WRITE_0_100,POSIX_SIZE_WRITE_100K_1M,POSIX_SIZE_WRITE_100M_1G,POSIX_SIZE_WRITE_100_1K,POSIX_SIZE_WRITE_10K_100K,POSIX_SIZE_WRITE_10M_100M,POSIX_SIZE_WRITE_1G_PLUS,POSIX_SIZE_WRITE_1K_10K,POSIX_SIZE_WRITE_1M_4M,POSIX_SIZE_WRITE_4M_10M,POSIX_SLOWEST_RANK,POSIX_SLOWEST_RANK_BYTES,POSIX_STATS,POSIX_STRIDE1_COUNT,POSIX_STRIDE1_STRIDE,POSIX_STRIDE2_COUNT,POSIX_STRIDE2_STRIDE,POSIX_STRIDE3_COUNT,POSIX_STRIDE3_STRIDE,POSIX_STRIDE4_COUNT,POSIX_STRIDE4_STRIDE,POSIX_WRITES,POSIX_agg_perf_by_slowest,POSIX_agg_time_by_slowest,POSIX_file_type_read_only_file_count,POSIX_file_type_read_only_max_byte_offset,POSIX_file_type_read_only_total_bytes,POSIX_file_type_read_write_file_count,POSIX_file_type_read_write_max_byte_offset,POSIX_file_type_read_write_total_bytes,POSIX_file_type_shared_file_count,POSIX_file_type_shared_max_byte_offset,POSIX_file_type_shared_total_bytes,POSIX_file_type_total_file_count,POSIX_file_type_total_max_byte_offset,POSIX_file_type_total_total_bytes,POSIX_file_type_unique_file_count,POSIX_file_type_unique_max_byte_offset,POSIX_file_type_unique_total_bytes,POSIX_file_type_write_only_file_count,POSIX_file_type_write_only_max_byte_offset,POSIX_file_type_write_only_total_bytes,POSIX_shared_files_time_by_slowest,POSIX_total_bytes,POSIX_unique_files_slowest_rank,POSIX_unique_files_slowest_rank_io_time,POSIX_unique_files_slowest_rank_meta_only_time,POSIX_unique_files_slowest_rank_rw_only_time,MPIIO_ACCESS1_ACCESS,MPIIO_ACCESS1_COUNT,MPIIO_ACCESS2_ACCESS,MPIIO_ACCESS2_COUNT,MPIIO_ACCESS3_ACCESS,MPIIO_ACCESS3_COUNT,MPIIO_ACCESS4_ACCESS,MPIIO_ACCESS4_COUNT,MPIIO_BYTES_READ,MPIIO_BYTES_WRITTEN,MPIIO_COLL_OPENS,MPIIO_COLL_READS,MPIIO_COLL_WRITES,MPIIO_FASTEST_RANK,MPIIO_FASTEST_RANK_BYTES,MPIIO_F_CLOSE_END_TIMESTAMP,MPIIO_F_CLOSE_START_TIMESTAMP,MPIIO_F_FASTEST_RANK_TIME,MPIIO_F_MAX_READ_TIME,MPIIO_F_MAX_WRITE_TIME,MPIIO_F_META_TIME,MPIIO_F_OPEN_END_TIMESTAMP,MPIIO_F_OPEN_START_TIMESTAMP,MPIIO_F_READ_END_TIMESTAMP,MPIIO_F_READ_START_TIMESTAMP,MPIIO_F_READ_TIME,MPIIO_F_SLOWEST_RANK_TIME,MPIIO_F_VARIANCE_RANK_BYTES,MPIIO_F_VARIANCE_RANK_TIME,MPIIO_F_WRITE_END_TIMESTAMP,MPIIO_F_WRITE_START_TIMESTAMP,MPIIO_F_WRITE_TIME,MPIIO_HINTS,MPIIO_INDEP_OPENS,MPIIO_INDEP_READS,MPIIO_INDEP_WRITES,MPIIO_MAX_READ_TIME_SIZE,MPIIO_MAX_WRITE_TIME_SIZE,MPIIO_MODE,MPIIO_NB_READS,MPIIO_NB_WRITES,MPIIO_RW_SWITCHES,MPIIO_SIZE_READ_AGG_0_100,MPIIO_SIZE_READ_AGG_100K_1M,MPIIO_SIZE_READ_AGG_100M_1G,MPIIO_SIZE_READ_AGG_100_1K,MPIIO_SIZE_READ_AGG_10K_100K,MPIIO_SIZE_READ_AGG_10M_100M,MPIIO_SIZE_READ_AGG_1G_PLUS,MPIIO_SIZE_READ_AGG_1K_10K,MPIIO_SIZE_READ_AGG_1M_4M,MPIIO_SIZE_READ_AGG_4M_10M,MPIIO_SIZE_WRITE_AGG_0_100,MPIIO_SIZE_WRITE_AGG_100K_1M,MPIIO_SIZE_WRITE_AGG_100M_1G,MPIIO_SIZE_WRITE_AGG_100_1K,MPIIO_SIZE_WRITE_AGG_10K_100K,MPIIO_SIZE_WRITE_AGG_10M_100M,MPIIO_SIZE_WRITE_AGG_1G_PLUS,MPIIO_SIZE_WRITE_AGG_1K_10K,MPIIO_SIZE_WRITE_AGG_1M_4M,MPIIO_SIZE_WRITE_AGG_4M_10M,MPIIO_SLOWEST_RANK,MPIIO_SLOWEST_RANK_BYTES,MPIIO_SPLIT_READS,MPIIO_SPLIT_WRITES,MPIIO_SYNCS,MPIIO_VIEWS,MPIIO_agg_perf_by_slowest,MPIIO_agg_time_by_slowest,MPIIO_file_type_read_only_file_count,MPIIO_file_type_read_only_max_byte_offset,MPIIO_file_type_read_only_total_bytes,MPIIO_file_type_read_write_file_count,MPIIO_file_type_read_write_max_byte_offset,MPIIO_file_type_read_write_total_bytes,MPIIO_file_type_shared_file_count,MPIIO_file_type_shared_max_byte_offset,MPIIO_file_type_shared_total_bytes,MPIIO_file_type_total_file_count,MPIIO_file_type_total_max_byte_offset,MPIIO_file_type_total_total_bytes,MPIIO_file_type_unique_file_count,MPIIO_file_type_unique_max_byte_offset,MPIIO_file_type_unique_total_bytes,MPIIO_file_type_write_only_file_count,MPIIO_file_type_write_only_max_byte_offset,MPIIO_file_type_write_only_total_bytes,MPIIO_shared_files_time_by_slowest,MPIIO_total_bytes,MPIIO_unique_files_slowest_rank,MPIIO_unique_files_slowest_rank_io_time,MPIIO_unique_files_slowest_rank_meta_only_time,MPIIO_unique_files_slowest_rank_rw_only_time,STDIO_BYTES_READ,STDIO_BYTES_WRITTEN,STDIO_FASTEST_RANK,STDIO_FASTEST_RANK_BYTES,STDIO_FDOPENS,STDIO_FLUSHES,STDIO_F_CLOSE_END_TIMESTAMP,STDIO_F_CLOSE_START_TIMESTAMP,STDIO_F_FASTEST_RANK_TIME,STDIO_F_META_TIME,STDIO_F_OPEN_END_TIMESTAMP,STDIO_F_OPEN_START_TIMESTAMP,STDIO_F_READ_END_TIMESTAMP,STDIO_F_READ_START_TIMESTAMP,STDIO_F_READ_TIME,STDIO_F_SLOWEST_RANK_TIME,STDIO_F_VARIANCE_RANK_BYTES,STDIO_F_VARIANCE_RANK_TIME,STDIO_F_WRITE_END_TIMESTAMP,STDIO_F_WRITE_START_TIMESTAMP,STDIO_F_WRITE_TIME,STDIO_MAX_BYTE_READ,STDIO_MAX_BYTE_WRITTEN,STDIO_OPENS,STDIO_READS,STDIO_SEEKS,STDIO_SLOWEST_RANK,STDIO_SLOWEST_RANK_BYTES,STDIO_WRITES,STDIO_agg_perf_by_slowest,STDIO_agg_time_by_slowest,STDIO_file_type_read_only_file_count,STDIO_file_type_read_only_max_byte_offset,STDIO_file_type_read_only_total_bytes,STDIO_file_type_read_write_file_count,STDIO_file_type_read_write_max_byte_offset,STDIO_file_type_read_write_total_bytes,STDIO_file_type_shared_file_count,STDIO_file_type_shared_max_byte_offset,STDIO_file_type_shared_total_bytes,STDIO_file_type_total_file_count,STDIO_file_type_total_max_byte_offset,STDIO_file_type_total_total_bytes,STDIO_file_type_unique_file_count,STDIO_file_type_unique_max_byte_offset,STDIO_file_type_unique_total_bytes,STDIO_file_type_write_only_file_count,STDIO_file_type_write_only_max_byte_offset,STDIO_file_type_write_only_total_bytes,STDIO_shared_files_time_by_slowest,STDIO_total_bytes,STDIO_unique_files_slowest_rank,STDIO_unique_files_slowest_rank_io_time,STDIO_unique_files_slowest_rank_meta_only_time,STDIO_unique_files_slowest_rank_rw_only_time,total_bytes,ior_command
101,4552,0_ior_id23310-23310_3-4-72566-6562653345354808734_1.darshan,3738051,1,1.0,0.0,1.0,0.0,0.5,1.0,0.5,0.0,0.0,1.0,1.0,0.3333333333333333,0.3333333333333333,0.0,1.0,1.0,0.0,0.0,0.0,read_dom,write_dom,read_dom,write_dom,med,high,med,low,low,high,high,pct_read_dom_0,pct_write_dom_0,meta_heavy,mostly_shared,vol_shared,pct_bytes_ro,pct_ro,open,0.6,0.4,0.8,0.2,0.5,0.0,0.5,1.0,0.0,1.0,0.0,0.18,0.43,0.07,0.18,0.14,0.5,0.0,0.5,1.0,0.0,0.0,1.0,1.0,0.0,0.0,0.67,1.0,0.0,0.0,0.33,0.0,116269211.0,852473679,1741664578,Mon Mar 10 23:42:58 2025,1741664583,Mon Mar 10 23:43:03 2025,5.099,28311552.0,4.0,0.0,0.0,0.0,0.0,0.0,0.0,113246208.0,0.0,3.0,0.0,0.0,0.0,113246208.0,0.0,0.0,4096.0,0.0,0.0,0.03206944465637207,0.032065391540527344,0.028727293014526367,0.007293701171875,0.0,9.5367431640625e-06,0.0033142566680908203,0.0033111572265625,0.03206062316894531,0.003328561782836914,0.028717756271362305,0.028727293014526367,0.0,0.0,0.0,0.0,0.0,113246207.0,0.0,28311552.0,0.0,8.0,0.0,-1.0,0.0,1.0,4.0,0.0,0.0,0.0,0.0,4.0,3.0,0.0,0.0,0.0,0.0,0.0,0.0,4.0,0.0,0.0,0.0,0.0,0.0,0.0,0.0,0.0,0.0,0.0,0.0,0.0,0.0,0.0,0.0,113246208.0,0.0,0.0,0.0,0.0,0.0,0.0,0.0,0.0,0.0,0.0,2755.20231,0.040045,2,57845288,115690578,0,0,0,5,57845288,115690945,5,57845288,115690945,0,0,0,1,23511,367,0.040045,115690945,0,0.0,0.0,0.0,0,0,0,0,0,0,0,0,0,0,0,0,0,0,0,0.0,0.0,0.0,0.0,0.0,0.0,0.0,0.0,0.0,0.0,0.0,0.0,0.0,0.0,0.0,0.0,0.0,0,0,0,0,0,0,0,0,0,0,0,0,0,0,0,0,0,0,0,0,0,0,0,0,0,0.0,0.0,0.0,0.0,0.0,0.0,0.0,0.0,0.0,0.0,0.0,0.0,0.0,0.0,0.0,0,0,0,0,0,0,0,0,0.0,0.0,0,0,0,0,0,0,0.0,0,0,0.0,0.0,0.0,0.0,384.0,0.0,384.0,0.0,7.0,0.0,0.0,3.0994415283203125e-05,0.0,0.0,0.0,0.0,0.0,0.0,3.0994415283203125e-05,0.0,0.0,0.03716897964477539,0.0003483295440673828,3.0994415283203125e-05,0.0,383.0,1.0,0.0,0.0,0.0,384.0,13.0,13.441595,0.000167,0.0,0.0,0.0,0.0,0.0,0.0,5.0,2065.0,2359.0,5.0,2065.0,2359.0,0.0,0.0,0.0,2.0,2065.0,2359.0,0.000167,2359.0,0.0,0.0,0.0,0.0,115690945,mpirun --allow-run-as-root -x LD_PRELOAD=/opt/darshan-install/lib/libdarshan.so -np 1 ior -a POSIX -b 27M -t 27M -s 4 -r -o /tmp/val_101.dat
7,292,0_ior_id23348-23348_3-4-72568-8107553343172933035_1.darshan,2101649,4,1.0,0.0,1.0,0.0,1.0,1.0,1.0,1.0,0.0,1.0,0.0,0.3333333333333333,0.3333333333333333,0.0,0.0,0.0,0.0,0.75,0.0,read_dom,write_dom,read_dom,write_dom,high,high,high,high,low,high,low,pct_read_dom_0,pct_write_dom_0,meta_heavy,exclusive,vol_exclusive,pct_bytes_ro,pct_split_dual,open,1.0,0.0,1.0,0.0,1.0,0.76,1.0,0.76,0.0,1.0,0.0,0.36,0.45,0.09,0.0,0.09,1.0,0.0,0.0,1.0,0.0,0.0,0.01,0.0,0.99,1.0,0.46,1.0,0.08,0.0,0.46,0.0,798126837.0,274044683,1727741427,Mon Sep 30 20:10:27 2024,1727741590,Mon Sep 30 20:13:10 2024,163.3503,32768.0,14848.0,0.0,0.0,0.0,0.0,0.0,0.0,121634816.0,0.0,14844.0,0.0,0.0,0.0,0.0,0.0,0.0,16384.0,0.0,0.0,0.02567267417907715,0.02566218376159668,0.0,5.53131103515625e-05,0.0,0.003918170928955078,0.0027992725372314453,0.0027892589569091797,0.02565312385559082,0.0029048919677734375,0.015287160873413086,0.0,0.0,0.0,0.0,0.0,0.0,121634812.0,0.0,32768.0,0.0,32.0,0.0,-4.0,0.0,4.0,14848.0,0.0,0.0,0.0,0.0,14848.0,14844.0,0.0,0.0,0.0,0.0,0.0,0.0,0.0,0.0,14848.0,0.0,0.0,0.0,0.0,0.0,0.0,0.0,0.0,0.0,0.0,0.0,0.0,0.0,0.0,0.0,0.0,0.0,0.0,0.0,0.0,0.0,0.0,0.0,0.0,5.28379,21.731469,6,120360576,120381756,1,8451,16643,39,277,278,4017,120360576,120402235,3978,120360576,120401957,6,2744,3836,0.114878,120402235,0,21.616591,0.811242,20.805349,0,0,0,0,0,0,0,0,0,0,0,0,0,0,0,0.0,0.0,0.0,0.0,0.0,0.0,0.0,0.0,0.0,0.0,0.0,0.0,0.0,0.0,0.0,0.0,0.0,0,0,0,0,0,0,0,0,0,0,0,0,0,0,0,0,0,0,0,0,0,0,0,0,0,0.0,0.0,0.0,0.0,0.0,0.0,0.0,0.0,0.0,0.0,0.0,0.0,0.0,0.0,0.0,0,0,0,0,0,0,0,0,0.0,0.0,0,0,0,0,0,0,0.0,0,0,0.0,0.0,0.0,0.0,384.0,0.0,0.0,0.0,7.0,0.0,0.0,0.0,0.0,0.0,0.0,0.0,0.0,0.0,0.0,0.0,0.0,0.008942365646362305,0.0005843639373779297,2.288818359375e-05,0.0,383.0,1.0,0.0,0.0,0.0,0.0,13.0,23.848415,1.442583,444.0,324460.0,26731510.0,1.0,0.0,266.0,40.0,348943.0,21169845.0,1794.0,324460.0,36074501.0,1754.0,200962.0,14904656.0,1336.0,200962.0,9342725.0,0.224144,36074501.0,0.0,1.21844,0.581424,0.637016,120402235,mpirun --allow-run-as-root -x LD_PRELOAD=/opt/darshan-install/lib/libdarshan.so -np 4 ior -a POSIX -b 29m -t 8k -s 1 -F -r -C -e -o /tmp/val_7
18,2554,0_ior_id23367-23367_3-4-72569-8730725084542009957_1.darshan,1878627,1,1.0,0.0,0.0,1.0,0.5,0.5,0.5,0.0,0.0,1.0,0.0,1.0,0.3333333333333333,0.0,1.0,1.0,0.0,0.25,0.0,read_dom,write_dom,write_dom,read_dom,med,med,med,low,low,high,low,pct_read_dom_2,pct_write_dom_0,meta_heavy,mostly_shared,vol_shared,pct_bytes_ro,pct_wo,open,0.33,0.0,0.33,0.67,0.5,0.25,0.5,0.5,0.0,0.75,0.25,0.21,0.5,0.0,0.29,0.0,0.0,0.0,1.0,0.5,0.0,0.5,1.0,1.0,0.0,0.0,0.25,0.75,0.0,0.0,0.75,0.25,1998356223.0,536320978,1714256819,Sat Apr 27 18:26:59 2024,1714256821,Sat Apr 27 18:27:01 2024,2.3656,179306496.0,4.0,0.0,0.0,0.0,0.0,0.0,0.0,0.0,717225984.0,0.0,3.0,0.0,0.0,717225984.0,0.0,0.0,4096.0,0.0,0.0,0.46759557723999023,0.4675869941711426,0.4225280284881592,0.0,0.13045430183410645,4.124641418457031e-05,0.045013427734375,0.04498696327209473,0.0,0.0,0.0,0.4225280284881592,0.0,0.0,0.4675562381744385,0.04503965377807617,0.4224867820739746,0.0,717225983.0,0.0,179306496.0,8.0,0.0,-1.0,436.0,1.0,0.0,0.0,0.0,0.0,0.0,4.0,0.0,3.0,0.0,0.0,0.0,0.0,0.0,0.0,0.0,0.0,0.0,0.0,0.0,0.0,4.0,0.0,0.0,0.0,0.0,0.0,0.0,0.0,0.0,717225984.0,0.0,0.0,0.0,0.0,0.0,0.0,0.0,0.0,0.0,4.0,3065.395823,0.891674,1,2147483647,2147483648,0,0,0,5,2147483647,2866108310,5,2147483647,2866108310,0,0,0,3,359312071,718624662,0.891674,2866108310,0,0.0,0.0,0.0,0,0,0,0,0,0,0,0,0,0,0,0,0,0,0,0.0,0.0,0.0,0.0,0.0,0.0,0.0,0.0,0.0,0.0,0.0,0.0,0.0,0.0,0.0,0.0,0.0,0,0,0,0,0,0,0,0,0,0,0,0,0,0,0,0,0,0,0,0,0,0,0,0,0,0.0,0.0,0.0,0.0,0.0,0.0,0.0,0.0,0.0,0.0,0.0,0.0,0.0,0.0,0.0,0,0,0,0,0,0,0,0,0.0,0.0,0,0,0,0,0,0,0.0,0,0,0.0,0.0,0.0,0.0,384.0,0.0,384.0,0.0,8.0,0.0,0.0,3.5762786865234375e-05,0.0,0.0,0.0,0.0,0.0,0.0,3.5762786865234375e-05,0.0,0.0,0.46808958053588867,0.00036072731018066406,3.5762786865234375e-05,0.0,383.0,1.0,0.0,0.0,0.0,384.0,13.0,0.382758,0.002716,0.0,0.0,0.0,0.0,0.0,0.0,5.0,796.0,1090.0,5.0,796.0,1090.0,0.0,0.0,0.0,2.0,796.0,1090.0,0.002716,1090.0,0.0,0.0,0.0,0.0,2866108310,mpirun --allow-run-as-root -x LD_PRELOAD=/opt/darshan-install/lib/libdarshan.so -np 1 ior -a POSIX -b 171M -t 171M -s 4 -w -o /tmp/val_18_w.dat -k
20,3479,0_ior_id23458-23458_3-4-72577-16443701049064789674_1.darshan,1878627,1,0.5,0.5,0.0,1.0,0.5,0.5,0.5,0.0,0.0,1.0,0.0,1.0,0.3333333333333333,0.0,1.0,1.0,0.0,0.25,0.0,balanced,balanced,write_dom,read_dom,med,med,med,low,low,high,low,pct_read_dom_2,pct_write_dom_0,meta_heavy,mostly_shared,vol_shared,pct_bytes_ro,pct_wo,open,0.33,0.0,0.33,0.67,0.5,0.25,0.5,0.5,0.0,0.5,0.5,0.21,0.5,0.0,0.29,0.0,0.0,0.0,1.0,0.5,0.0,0.5,1.0,1.0,0.0,0.0,0.25,0.5,0.0,0.0,0.75,0.5,3588149798.0,536320978,1714257136,Sat Apr 27 18:32:16 2024,1714257139,Sat Apr 27 18:32:19 2024,2.3583,536870912.0,4.0,0.0,0.0,0.0,0.0,0.0,0.0,0.0,2147483648.0,0.0,3.0,0.0,0.0,2147483648.0,0.0,0.0,4096.0,0.0,0.0,1.992018222808838,1.9919867515563965,1.749760627746582,0.0,0.5920863151550293,0.00014519691467285156,0.24195384979248047,0.2418513298034668,0.0,0.0,0.0,1.749760627746582,0.0,0.0,1.9918177127838135,0.24202704429626465,1.7496154308319092,0.0,2147483647.0,0.0,536870912.0,8.0,0.0,-1.0,436.0,1.0,0.0,0.0,0.0,0.0,0.0,4.0,0.0,3.0,0.0,0.0,0.0,0.0,0.0,0.0,0.0,0.0,0.0,0.0,0.0,0.0,4.0,0.0,0.0,0.0,0.0,0.0,0.0,0.0,0.0,2147483648.0,0.0,0.0,0.0,0.0,0.0,0.0,0.0,0.0,0.0,4.0,1907.340848,2.147493,1,2147483647,2147483648,0,0,0,5,2147483647,4294967764,5,2147483647,4294967764,0,0,0,3,1073741823,2147484116,2.147493,4294967764,0,0.0,0.0,0.0,0,0,0,0,0,0,0,0,0,0,0,0,0,0,0,0.0,0.0,0.0,0.0,0.0,0.0,0.0,0.0,0.0,0.0,0.0,0.0,0.0,0.0,0.0,0.0,0.0,0,0,0,0,0,0,0,0,0,0,0,0,0,0,0,0,0,0,0,0,0,0,0,0,0,0.0,0.0,0.0,0.0,0.0,0.0,0.0,0.0,0.0,0.0,0.0,0.0,0.0,0.0,0.0,0,0,0,0,0,0,0,0,0.0,0.0,0,0,0,0,0,0,0.0,0,0,0.0,0.0,0.0,0.0,384.0,0.0,384.0,0.0,7.0,0.0,0.0,7.2479248046875e-05,0.0,0.0,0.0,0.0,0.0,0.0,7.2479248046875e-05,0.0,0.0,1.9980840682983398,0.0004782676696777344,7.2479248046875e-05,0.0,383.0,1.0,0.0,0.0,0.0,384.0,13.0,0.248174,0.002383,0.0,0.0,0.0,0.0,0.0,0.0,4.0,619.0,620.0,4.0,619.0,620.0,0.0,0.0,0.0,1.0,619.0,620.0,0.002383,620.0,0.0,0.0,0.0,0.0,4294967764,mpirun --allow-run-as-root -x LD_PRELOAD=/opt/darshan-install/lib/libdarshan.so -np 1 ior -a POSIX -b 512M -t 512M -s 4 -w -o /tmp/val_20.dat -k
192,1064,0_ior_id23515-23515_3-4-72583-607544760000665985_1.darshan,2650823,1,0.0,1.0,0.0,1.0,0.0,1.0,0.0,1.0,0.0,0.0,0.0,0.0,0.6666666666666666,1.0,1.0,1.0,0.25,0.25,0.0,write_dom,read_dom,write_dom,read_dom,low,high,low,high,low,low,low,pct_read_mixed,pct_write_dom_1,io_heavy,mostly_shared,vol_shared,pct_bytes_wo,pct_wo,open,0.0,0.0,0.0,1.0,0.0,1.0,0.0,1.0,0.0,0.0,1.0,0.98,0.01,0.01,0.0,0.0,0.0,0.0,0.0,0.0,1.0,0.0,1.0,1.0,0.0,0.0,0.0,0.0,0.0,0.0,1.0,1.0,4088648793.0,2625421620,1728667498,Fri Oct 11 13:24:58 2024,1728667598,Fri Oct 11 13:26:38 2024,100.4625,536870992.0,22.0,39845888.0,19.0,0.0,0.0,0.0,0.0,0.0,10957619320.0,0.0,37.0,0.0,0.0,10957619320.0,0.0,0.0,20480.0,0.0,0.0,51.29109215736389,26.06316113471985,12.555882692337036,0.0,0.9287810325622559,0.10052895545959473,51.290918827056885,13.603734493255615,0.0,0.0,0.0,12.555882692337036,0.0,0.0,25.647204637527466,13.186790227890015,12.455353736877441,0.0,10957619277.0,0.0,536870992.0,40.0,0.0,-5.0,2100.0,14.0,0.0,0.0,0.0,0.0,0.0,2.0,0.0,37.0,0.0,0.0,0.0,0.0,0.0,0.0,0.0,0.0,0.0,0.0,3.0,0.0,19.0,0.0,0.0,19.0,0.0,0.0,0.0,0.0,0.0,10957619320.0,0.0,0.0,0.0,0.0,0.0,0.0,0.0,0.0,0.0,41.0,1091.464979,9.616433,0,0,0,0,0,0,29,1073741823,11005853696,29,1073741823,11005853696,0,0,0,19,1073741823,11005853696,9.616433,11005853696,0,0.0,0.0,0.0,576716800.0,19.0,0.0,0.0,0.0,0.0,0.0,0.0,0.0,10957619200.0,0.0,0.0,19.0,0.0,10957619200.0,12.771053552627563,12.667364597320557,12.560593128204346,0.0,0.9687836170196533,0.10330533981323242,12.77102541923523,0.20877647399902344,0.0,0.0,0.0,12.560593128204346,0.0,0.0,12.66728949546814,0.20907282829284668,12.457287788391113,3.0,3.0,0.0,0.0,0.0,576716800.0,34.0,0.0,0.0,0.0,0.0,0.0,0.0,0.0,0.0,0.0,0.0,0.0,0.0,0.0,0.0,0.0,19.0,0.0,0.0,0.0,0.0,0.0,0.0,0.0,0.0,10957619200.0,0.0,0.0,0.0,0.0,867.548264,12.098462,0.0,0.0,0,0,0,0,19,-1,11005853696,19,-1.0,11005853696.0,0,0,0,19,-1,11005853696,12.098462,11005853696,0,0.0,0.0,0.0,0.0,384.0,0.0,384.0,0.0,7.0,0.0,0.0,7.271766662597656e-05,0.0,0.0,0.0,0.0,0.0,0.0,7.271766662597656e-05,0.0,0.0,13.239742994308472,0.00037384033203125,7.271766662597656e-05,0.0,383.0,1.0,0.0,0.0,0.0,384.0,13.0,2.274284,0.027451,4.0,2919.0,6288.0,0.0,0.0,0.0,12.0,39063.0,65463.0,12.0,39063.0,65463.0,0.0,0.0,0.0,8.0,39063.0,59175.0,0.027451,65463.0,0.0,0.0,0.0,0.0,11005853696,mpirun --allow-run-as-root -x LD_PRELOAD=/opt/darshan-install/lib/libdarshan.so -np 1 ior -a MPIIO -b 550M -t 550M -s 19 -w -c -o /tmp/val_192.dat
331,930,0_ior_id23605-23605_3-4-72597-5534961591818888501_1.darshan,2580720,4,1.0,0.0,1.0,0.0,1.0,1.0,1.0,1.0,0.0,1.0,0.0,0.3333333333333333,0.3333333333333333,0.5,0.0,0.0,0.0,0.0,0.0,read_dom,write_dom,read_dom,write_dom,high,high,high,high,low,high,low,pct_read_dom_0,pct_write_dom_0,balanced,exclusive,vol_exclusive,pct_bytes_ro,pct_ro,open,1.0,0.0,1.0,0.0,1.0,0.76,1.0,0.76,0.0,1.0,0.0,0.48,0.48,0.04,0.0,0.0,1.0,0.0,0.0,1.0,0.0,0.0,0.06,0.0,0.94,1.0,0.5,1.0,0.07,0.0,0.43,0.0,2503296700.0,1264426656,1728625742,Fri Oct 11 01:49:02 2024,1728625764,Fri Oct 11 01:49:24 2024,21.9584,32768.0,15360.0,0.0,0.0,0.0,0.0,0.0,0.0,125829120.0,0.0,15356.0,0.0,0.0,0.0,0.0,0.0,0.0,16384.0,0.0,0.0,0.039649248123168945,0.039640188217163086,0.0,0.0004954338073730469,0.0,0.005463123321533203,0.005616426467895508,0.0055959224700927734,0.03962969779968262,0.0058672428131103516,0.023362398147583008,0.0,0.0,0.0,0.0,0.0,0.0,125829116.0,0.0,32768.0,0.0,32.0,0.0,-4.0,0.0,4.0,15360.0,0.0,0.0,0.0,0.0,15360.0,15356.0,0.0,0.0,0.0,0.0,0.0,0.0,0.0,0.0,15360.0,0.0,0.0,0.0,0.0,0.0,0.0,0.0,0.0,0.0,0.0,0.0,0.0,0.0,0.0,0.0,0.0,0.0,0.0,0.0,0.0,0.0,0.0,0.0,0.0,171.872234,0.658888,7,118705280,118729400,1,8190,12235,44,150,151,799,118705280,118745538,755,118705280,118745387,6,2744,3903,0.035175,118745538,0,0.623713,0.106221,0.517492,0,0,0,0,0,0,0,0,0,0,0,0,0,0,0,0.0,0.0,0.0,0.0,0.0,0.0,0.0,0.0,0.0,0.0,0.0,0.0,0.0,0.0,0.0,0.0,0.0,0,0,0,0,0,0,0,0,0,0,0,0,0,0,0,0,0,0,0,0,0,0,0,0,0,0.0,0.0,0.0,0.0,0.0,0.0,0.0,0.0,0.0,0.0,0.0,0.0,0.0,0.0,0.0,0,0,0,0,0,0,0,0,0.0,0.0,0,0,0,0,0,0,0.0,0,0,0.0,0.0,0.0,0.0,384.0,0.0,0.0,0.0,7.0,0.0,0.0,0.0,0.0,0.0,0.0,0.0,0.0,0.0,0.0,0.0,0.0,0.013336420059204102,0.001100778579711914,3.600120544433594e-05,0.0,383.0,1.0,0.0,0.0,0.0,0.0,13.0,6.83933,2.214239,493.0,324460.0,15850925.0,0.0,0.0,0.0,45.0,348943.0,13730982.0,509.0,324460.0,15879542.0,464.0,52483.0,2148560.0,2.0,9251.0,28617.0,0.196687,15879542.0,0.0,2.017552,0.202724,1.814828,118745538,mpirun --allow-run-as-root -x LD_PRELOAD=/opt/darshan-install/lib/libdarshan.so -np 4 ior -a POSIX -b 30M -t 8K -s 1 -F -r -C -o /tmp/val_331.dat
47,862,0_ior_id23649-23649_3-4-72598-2656919230374768903_1.darshan,2041991,40,0.0,1.0,1.0,0.0,1.0,1.0,0.0,0.0,0.0,1.0,0.0,0.6666666666666666,1.0,0.0,1.0,1.0,0.25,0.0,0.0,write_dom,read_dom,read_dom,write_dom,high,high,low,low,low,high,low,pct_read_dom_1,pct_write_dom_2,meta_heavy,mostly_shared,vol_shared,pct_bytes_wo,pct_ro,open,0.98,0.0,0.83,0.17,0.0,0.0,0.98,1.0,0.0,0.01,0.99,0.28,0.47,0.25,0.0,0.0,0.0,1.0,0.0,0.0,0.0,1.0,1.0,1.0,0.0,0.0,0.5,0.01,0.0,0.0,0.5,0.99,3619613683.0,563631097,1722375200,Tue Jul 30 17:33:20 2024,1722375204,Tue Jul 30 17:33:24 2024,3.2306,16777216.0,40.0,0.0,0.0,0.0,0.0,0.0,0.0,0.0,671088640.0,0.0,0.0,0.0,8.0,16777216.0,0.0,0.0,4096.0,0.0,0.0,0.49741435050964355,0.0844106674194336,0.009863853454589844,0.0,0.4188530445098877,0.0008561611175537109,0.07864904403686523,0.07434606552124023,0.0,0.0,0.0,0.418867826461792,0.0,0.014316683983602693,0.49734926223754883,0.07459497451782227,8.69442892074585,0.0,671088639.0,0.0,16777216.0,8.0,0.0,-1.0,436.0,40.0,0.0,0.0,0.0,0.0,0.0,40.0,0.0,39.0,0.0,0.0,0.0,0.0,0.0,0.0,0.0,0.0,0.0,0.0,0.0,0.0,0.0,0.0,0.0,40.0,0.0,0.0,0.0,0.0,5.0,16777216.0,0.0,0.0,0.0,0.0,0.0,0.0,0.0,0.0,0.0,40.0,750.570923,0.858135,1,8398927,8398928,0,0,0,2,2167685119,675378728,2,2167685119,675378728,0,0,0,1,2167685119,666979800,0.858135,675378728,0,0.0,0.0,0.0,209976,26,209968,14,0,0,0,0,8398928,0,80,0,0,-1,-1,3.226423,0.012991,0.0,0.003856,0.0,40.09822,1.523767,0.005305,0.014923,0.011064,0.107983,0.0,0.0,0.0,0.0,0.0,0.0,0,0,40,0,209976,0,2,0,0,0,0,40,0,0,0,0,0,0,0,0,0,0,0,0,0,0.0,0.0,0.0,0.0,0.0,-1.0,-1.0,0.0,0.0,0.0,0.0,4.662165,1.718052,1.0,-1.0,8398928,0,0,0,2,-1,8398928,2,-1.0,8398928.0,0,0,0,0,0,0,1.718052,8398928,0,0.0,0.0,0.0,0.0,384.0,0.0,0.0,0.0,7.0,0.0,0.0,0.0,0.0,0.0,0.0,0.0,0.0,0.0,0.0,0.0,0.0,0.5556583404541016,0.01482248306274414,0.00040030479431152344,0.0,383.0,1.0,0.0,0.0,0.0,0.0,13.0,93.950739,4.8e-05,0.0,0.0,0.0,0.0,0.0,0.0,2.0,202.0,4768.0,2.0,202.0,4768.0,0.0,0.0,0.0,2.0,202.0,4768.0,4.8e-05,4768.0,0.0,0.0,0.0,0.0,675378728,mpirun --allow-run-as-root --oversubscribe -x LD_PRELOAD=/opt/darshan-install/lib/libdarshan.so -np 40 ior -a POSIX -b 16M -t 16M -s 1 -w -o /tmp/val_47.dat
48,905,0_ior_id23792-23792_3-4-72600-10486485503636622840_1.darshan,2041991,16,0.0,1.0,1.0,0.0,1.0,1.0,0.0,0.0,0.0,1.0,0.0,0.3333333333333333,1.0,0.0,1.0,1.0,0.25,0.0,0.0,write_dom,read_dom,read_dom,write_dom,high,high,low,low,low,high,low,pct_read_dom_0,pct_write_dom_2,meta_heavy,mostly_shared,vol_shared,pct_bytes_wo,pct_ro,open,0.92,0.0,0.62,0.38,0.0,0.0,0.94,0.9,0.0,0.0,1.0,0.32,0.42,0.25,0.0,0.0,1.0,0.0,0.0,0.0,0.0,1.0,1.0,1.0,0.0,0.0,0.5,0.0,0.0,0.0,0.5,1.0,1027278461.0,563631097,1722374720,Tue Jul 30 17:25:20 2024,1722374724,Tue Jul 30 17:25:24 2024,3.87,16777296.0,263.0,0.0,0.0,0.0,0.0,0.0,0.0,0.0,4362076280.0,0.0,240.0,0.0,25.0,0.0,0.0,0.0,143360.0,0.0,0.0,25.346713066101074,13.23645830154419,0.08018159866333008,0.0,0.24486279487609863,1.346853494644165,25.345449447631836,7.370456695556641,0.0,0.0,0.0,5.566875696182251,5.2028890226360326e+17,3.2218352587559353,11.958563804626465,6.083127737045288,10.853976964950562,0.0,4362076237.0,0.0,16777296.0,280.0,0.0,-35.0,14280.0,74.0,0.0,0.0,0.0,0.0,0.0,2.0,0.0,259.0,0.0,0.0,0.0,0.0,0.0,0.0,0.0,0.0,0.0,0.0,3.0,0.0,0.0,0.0,0.0,260.0,0.0,0.0,0.0,0.0,0.0,2181038120.0,0.0,18.0,218103808.0,0.0,0.0,0.0,0.0,0.0,0.0,263.0,1552.518521,2.716645,1,1183135,1183136,0,0,0,2,2335872975,4422518232,2,2335872975,4422518232,0,0,0,1,2335872975,4421335096,2.716645,4422518232,0,0.0,0.0,0.0,27262976.0,160.0,0.0,0.0,0.0,0.0,0.0,0.0,0.0,4362076160.0,16.0,0.0,160.0,13.0,272629760.0,6.015582084655762,5.346867561340332,5.942431688308716,0.0,1.1393311023712158,5.766356468200684,6.015540838241577,0.03544282913208008,0.0,0.0,0.0,5.957964181900024,1.419215803595255e-16,1.2811863509432285e-05,5.902013540267944,0.041902780532836914,89.4334728717804,18.0,2.0,0.0,0.0,0.0,27262976.0,37.0,0.0,0.0,0.0,0.0,0.0,0.0,0.0,0.0,0.0,0.0,0.0,0.0,0.0,0.0,0.0,0.0,0.0,0.0,160.0,0.0,0.0,0.0,0.0,2.0,272629760.0,0.0,0.0,0.0,0.0,1547.730033,2.72505,1.0,-1.0,1183136,0,0,0,2,-1,4422518232,2,-1.0,4422518232.0,0,0,0,1,-1,4421335096,2.72505,4422518232,0,0.0,0.0,0.0,0.0,384.0,0.0,0.0,0.0,7.0,0.0,0.0,0.0,0.0,0.0,0.0,0.0,0.0,0.0,0.0,0.0,0.0,6.369558334350586,0.016269207000732422,0.00031447410583496094,0.0,383.0,1.0,0.0,0.0,0.0,0.0,13.0,3.37037,2.6e-05,0.0,0.0,0.0,0.0,0.0,0.0,1.0,90.0,91.0,1.0,90.0,91.0,0.0,0.0,0.0,1.0,90.0,91.0,2.6e-05,91.0,0.0,0.0,0.0,0.0,4422518232,mpirun --allow-run-as-root --oversubscribe -x LD_PRELOAD=/opt/darshan-install/lib/libdarshan.so -np 16 ior -a MPIIO -b 26M -t 26M -s 10 -w -c -o /tmp/val_48.dat
74,939,0_ior_id23930-23930_3-4-72607-4514656405747511616_1.darshan,2102463,1,0.5,0.5,0.5,0.5,0.0,0.5,0.0,0.0,1.0,1.0,0.0,0.3333333333333333,0.3333333333333333,0.0,1.0,1.0,0.5,0.5,0.0,balanced,balanced,balanced,balanced,low,med,low,low,high,high,low,pct_read_dom_0,pct_write_dom_0,meta_heavy,mostly_shared,vol_shared,pct_bytes_rw,pct_rw,open,0.44,0.0,0.5,0.5,0.32,0.03,0.32,0.55,0.3,0.5,0.5,0.27,0.28,0.18,0.0,0.27,0.91,0.08,0.0,0.92,0.08,0.0,1.0,1.0,0.0,0.0,0.13,0.02,0.5,0.95,0.36,0.03,3797749344.0,305222856,1727808079,Tue Oct  1 14:41:19 2024,1727808195,Tue Oct  1 14:43:15 2024,115.6323,98304.0,875.0,0.0,0.0,0.0,0.0,0.0,0.0,0.0,86016000.0,0.0,874.0,0.0,0.0,86016000.0,0.0,0.0,4096.0,0.0,0.0,0.03069925308227539,0.030696868896484375,0.029834985733032227,0.0,0.0004868507385253906,0.00030231475830078125,0.0005419254302978516,0.0005247592926025391,0.0,0.0,0.0,0.029834985733032227,0.0,0.0,0.03069329261779785,0.0005521774291992188,0.029532670974731445,0.0,86015999.0,0.0,98304.0,8.0,0.0,-1.0,436.0,1.0,0.0,0.0,0.0,0.0,0.0,875.0,0.0,874.0,0.0,0.0,0.0,0.0,0.0,0.0,0.0,0.0,0.0,0.0,0.0,0.0,0.0,0.0,875.0,0.0,0.0,0.0,0.0,0.0,0.0,86016000.0,0.0,0.0,0.0,0.0,0.0,0.0,0.0,0.0,0.0,875.0,71.76979,2.185849,119,1584329,3597745,447,48299713,156382887,1024,48299713,164498403,1024,48299713,164498403,0,0,0,325,1374837,4517771,2.185849,164498403,0,0.0,0.0,0.0,0,0,0,0,0,0,0,0,0,0,0,0,0,0,0,0.0,0.0,0.0,0.0,0.0,0.0,0.0,0.0,0.0,0.0,0.0,0.0,0.0,0.0,0.0,0.0,0.0,0,0,0,0,0,0,0,0,0,0,0,0,0,0,0,0,0,0,0,0,0,0,0,0,0,0.0,0.0,0.0,0.0,0.0,0.0,0.0,0.0,0.0,0.0,0.0,0.0,0.0,0.0,0.0,0,0,0,0,0,0,0,0,0.0,0.0,0,0,0,0,0,0,0.0,0,0,0.0,0.0,0.0,0.0,384.0,0.0,384.0,0.0,7.0,0.0,0.0,2.9087066650390625e-05,0.0,0.0,0.0,0.0,0.0,0.0,2.9087066650390625e-05,0.0,0.0,0.030773401260375977,0.0003731250762939453,2.9087066650390625e-05,0.0,383.0,1.0,0.0,0.0,0.0,384.0,13.0,8.153431,0.311914,97.0,50135.0,2510081.0,0.0,0.0,0.0,1022.0,156624.0,2666706.0,1022.0,156624.0,2666706.0,0.0,0.0,0.0,1.0,156624.0,156625.0,0.311914,2666706.0,0.0,0.0,0.0,0.0,164498403,mpirun --allow-run-as-root -x LD_PRELOAD=/opt/darshan-install/lib/libdarshan.so -np 1 ior -a POSIX -b 96K -t 96K -s 875 -w -o /tmp/val_74.dat -k
28,926,0_ior_id23966-23966_3-4-72609-3594789637518161155_1.darshan,2403447,1,0.0,1.0,0.0,1.0,0.5,0.0,0.0,0.0,0.0,0.5,0.0,0.3333333333333333,1.0,0.5,1.0,1.0,0.25,0.25,0.0,write_dom,read_dom,write_dom,read_dom,med,low,low,low,low,med,low,pct_read_dom_0,pct_write_dom_2,balanced,mostly_shared,vol_shared,pct_bytes_wo,pct_wo,open,0.06,0.0,0.06,0.94,0.04,0.0,0.66,0.0,0.0,0.0,1.0,0.5,0.5,0.0,0.0,0.0,0.87,0.13,0.0,0.0,0.0,1.0,1.0,1.0,0.0,0.0,0.0,0.0,0.0,0.0,1.0,1.0,461124855.0,1747813730,1728521979,Wed Oct  9 20:59:39 2024,1728611296,Thu Oct 10 21:48:16 2024,89316.0789,77594624.0,991.0,0.0,0.0,0.0,0.0,0.0,0.0,0.0,76896272384.0,0.0,990.0,0.0,0.0,76896272384.0,0.0,0.0,4096.0,0.0,0.0,107.2199535369873,107.21994090080261,106.92745089530945,0.0,11.213201999664307,0.003539562225341797,0.013622283935546875,0.013595104217529297,0.0,0.0,0.0,106.92745089530945,0.0,0.0,107.21988868713379,0.013639688491821289,106.9239113330841,0.0,76896272383.0,0.0,77594624.0,8.0,0.0,-1.0,436.0,1.0,0.0,0.0,0.0,0.0,0.0,991.0,0.0,990.0,0.0,0.0,0.0,0.0,0.0,0.0,0.0,0.0,0.0,0.0,0.0,0.0,0.0,0.0,0.0,991.0,0.0,0.0,0.0,0.0,0.0,76896272384.0,0.0,0.0,0.0,0.0,0.0,0.0,0.0,0.0,0.0,991.0,560.651804,131.394137,1,9468799,13181728,0,0,0,1024,77932991,77244776800,1024,77932991,77244776800,0,0,0,991,77932991,77231595072,131.394137,77244776800,0,0.0,0.0,0.0,0,0,0,0,0,0,0,0,0,0,0,0,0,0,0,0.0,0.0,0.0,0.0,0.0,0.0,0.0,0.0,0.0,0.0,0.0,0.0,0.0,0.0,0.0,0.0,0.0,0,0,0,0,0,0,0,0,0,0,0,0,0,0,0,0,0,0,0,0,0,0,0,0,0,0.0,0.0,0.0,0.0,0.0,0.0,0.0,0.0,0.0,0.0,0.0,0.0,0.0,0.0,0.0,0,0,0,0,0,0,0,0,0.0,0.0,0,0,0,0,0,0,0.0,0,0,0.0,0.0,0.0,0.0,384.0,0.0,384.0,0.0,7.0,0.0,0.0,4.363059997558594e-05,0.0,0.0,0.0,0.0,0.0,0.0,4.363059997558594e-05,0.0,0.0,108.13458776473999,0.0003528594970703125,4.363059997558594e-05,0.0,383.0,1.0,0.0,0.0,0.0,384.0,13.0,2.439217,3.750786,4.0,106116.0,169613.0,0.0,0.0,0.0,107.0,9390692.0,9593402.0,107.0,9390692.0,9593402.0,0.0,0.0,0.0,103.0,9390692.0,9423789.0,3.750786,9593402.0,0.0,0.0,0.0,0.0,77244776800,mpirun --allow-run-as-root -x LD_PRELOAD=/opt/darshan-install/lib/libdarshan.so -np 1 ior -a POSIX -b 74M -t 74M -s 991 -w -o /tmp/val_28_w.dat
252,782,0_ior_id24370-24370_3-4-72722-6004996508432100624_1.darshan,1878627,1,1.0,0.0,1.0,0.0,0.0,1.0,0.0,0.0,0.0,1.0,0.0,1.0,0.3333333333333333,0.0,1.0,1.0,0.0,0.0,0.0,read_dom,write_dom,read_dom,write_dom,low,high,low,low,low,high,low,pct_read_dom_2,pct_write_dom_0,meta_heavy,mostly_shared,vol_shared,pct_bytes_ro,pct_ro,open,0.33,0.0,0.67,0.33,0.0,0.0,0.0,1.0,0.0,1.0,0.0,0.17,0.5,0.0,0.33,0.0,0.0,0.0,1.0,1.0,0.0,0.0,1.0,1.0,0.0,0.0,0.67,1.0,0.0,0.0,0.33,0.0,3133295430.0,536320978,1714256828,Sat Apr 27 18:27:08 2024,1714256829,Sat Apr 27 18:27:09 2024,1.6019,359661568.0,2.0,0.0,0.0,0.0,0.0,0.0,0.0,719323136.0,0.0,1.0,0.0,0.0,0.0,719323136.0,0.0,0.0,4096.0,0.0,0.0,0.20231080055236816,0.20230627059936523,0.17482280731201172,0.08980298042297363,0.0,2.2172927856445312e-05,0.027448654174804688,0.027434825897216797,0.20229768753051758,0.02747654914855957,0.17480063438415527,0.17482280731201172,0.0,0.0,0.0,0.0,0.0,719323135.0,0.0,359661568.0,0.0,8.0,0.0,-1.0,0.0,1.0,2.0,0.0,0.0,0.0,0.0,2.0,1.0,0.0,0.0,0.0,2.0,0.0,0.0,0.0,0.0,0.0,0.0,0.0,0.0,0.0,0.0,0.0,0.0,0.0,0.0,0.0,0.0,0.0,0.0,719323136.0,0.0,0.0,0.0,0.0,0.0,0.0,0.0,0.0,0.0,0.0,2987.503553,0.2294,2,359312071,718624144,0,0,0,5,359312071,718624561,5,359312071,718624561,0,0,0,1,4347,417,0.2294,718624561,0,0.0,0.0,0.0,0,0,0,0,0,0,0,0,0,0,0,0,0,0,0,0.0,0.0,0.0,0.0,0.0,0.0,0.0,0.0,0.0,0.0,0.0,0.0,0.0,0.0,0.0,0.0,0.0,0,0,0,0,0,0,0,0,0,0,0,0,0,0,0,0,0,0,0,0,0,0,0,0,0,0.0,0.0,0.0,0.0,0.0,0.0,0.0,0.0,0.0,0.0,0.0,0.0,0.0,0.0,0.0,0,0,0,0,0,0,0,0,0.0,0.0,0,0,0,0,0,0,0.0,0,0,0.0,0.0,0.0,0.0,384.0,0.0,384.0,0.0,7.0,0.0,0.0,4.3392181396484375e-05,0.0,0.0,0.0,0.0,0.0,0.0,4.3392181396484375e-05,0.0,0.0,0.2344062328338623,0.0003418922424316406,4.3392181396484375e-05,0.0,383.0,1.0,0.0,0.0,0.0,384.0,13.0,0.48428,0.001524,0.0,0.0,0.0,0.0,0.0,0.0,5.0,480.0,774.0,5.0,480.0,774.0,0.0,0.0,0.0,2.0,480.0,774.0,0.001524,774.0,0.0,0.0,0.0,0.0,718624561,mpirun --allow-run-as-root -x LD_PRELOAD=/opt/darshan-install/lib/libdarshan.so -np 1 ior -a POSIX -b 343M -t 343M -s 2 -r -o /tmp/val_252.dat
249,738,0_ior_id24383-24383_3-4-72723-4036589042845586635_1.darshan,2104254,512,0.0,1.0,0.0,1.0,0.0,1.0,0.0,0.0,0.0,1.0,0.0,0.0,0.6666666666666666,1.0,1.0,1.0,0.25,0.25,0.0,write_dom,read_dom,write_dom,read_dom,low,high,low,low,low,high,low,pct_read_mixed,pct_write_dom_1,io_heavy,mostly_shared,vol_shared,pct_bytes_wo,pct_wo,open,1.0,0.0,0.0,1.0,0.0,0.0,0.0,1.0,0.0,0.0,1.0,0.92,0.04,0.0,0.0,0.04,0.0,0.0,0.0,0.0,1.0,0.0,1.0,1.0,0.0,0.0,0.0,0.0,0.0,0.0,1.0,1.0,1329033367.0,3816304700,1727956852,Thu Oct  3 08:00:52 2024,1727956863,Thu Oct  3 08:01:03 2024,11.2627,1048656.0,17603.0,0.0,0.0,0.0,0.0,0.0,0.0,0.0,18454937720.0,0.0,0.0,0.0,81.0,288358400.0,0.0,0.0,536576.0,0.0,0.0,95.55808997154236,51.988956928253174,17.540292978286743,0.0,0.7354381084442139,6.971454620361328,95.55327081680298,30.218498706817627,0.0,0.0,0.0,21.61028289794922,24.609375,0.8880964554828108,43.38588190078735,21.860589027404785,1313.3342678546906,0.0,18454937677.0,0.0,1048656.0,1048.0,0.0,-131.0,54600.0,266.0,0.0,0.0,0.0,0.0,0.0,2.0,0.0,17599.0,0.0,0.0,0.0,0.0,0.0,0.0,0.0,0.0,0.0,0.0,3.0,17600.0,0.0,0.0,0.0,0.0,0.0,0.0,0.0,0.0,27.0,288358440.0,0.0,17536.0,66060288.0,0.0,0.0,0.0,0.0,0.0,0.0,17603.0,2149.654873,8.185585,0,0,0,0,0,0,1,18450935863,18450934368,1,18450935863,18450934368,0,0,0,1,18450935863,18450934368,8.185585,18450934368,0,0.0,0.0,0.0,1048576.0,17600.0,0.0,0.0,0.0,0.0,0.0,0.0,0.0,18454937600.0,64.0,0.0,0.0,5.0,288358400.0,21.738328218460083,17.521872520446777,21.318403244018555,0.0,0.9271912574768066,68.93876719474792,21.73828125,0.042310237884521484,0.0,0.0,0.0,21.675616025924683,0.0,0.0023995325619621255,21.58783531188965,0.07453274726867676,1315.4246685504913,66.0,2.0,0.0,17600.0,0.0,1048576.0,37.0,0.0,0.0,0.0,0.0,0.0,0.0,0.0,0.0,0.0,0.0,0.0,0.0,0.0,0.0,17600.0,0.0,0.0,0.0,0.0,0.0,0.0,0.0,0.0,38.0,288358400.0,0.0,0.0,0.0,0.0,1998.641141,8.804073,0.0,0.0,0,0,0,0,1,-1,18450934368,1,-1.0,18450934368.0,0,0,0,1,-1,18450934368,8.804073,18450934368,0,0.0,0.0,0.0,0.0,384.0,0.0,0.0,0.0,7.0,0.0,0.0,0.0,0.0,0.0,0.0,0.0,0.0,0.0,0.0,0.0,0.0,22.554635047912598,0.030457019805908203,8.7738037109375e-05,0.0,383.0,1.0,0.0,0.0,0.0,0.0,13.0,1.230043,0.110848,1.0,229.0,117760.0,0.0,0.0,0.0,3.0,1701.0,142971.0,3.0,1701.0,142971.0,0.0,0.0,0.0,2.0,1701.0,25211.0,0.110848,142971.0,0.0,0.0,0.0,0.0,18450934368,mpirun --allow-run-as-root --oversubscribe -x LD_PRELOAD=/opt/darshan-install/lib/libdarshan.so -np 64 ior -a MPIIO -b 1M -t 1M -s 275 -w -o /tmp/val_249.dat
236,463,0_ior_id24854-24854_3-4-72747-10486781951368385636_1.darshan,2512822,1,0.0,1.0,0.0,1.0,0.0,0.5,0.0,0.0,0.0,1.0,0.0,0.0,0.3333333333333333,0.0,1.0,1.0,0.25,0.25,0.0,write_dom,read_dom,write_dom,read_dom,low,med,low,low,low,high,low,pct_read_mixed,pct_write_dom_0,meta_heavy,mostly_shared,vol_shared,pct_bytes_wo,pct_wo,open,0.46,0.0,0.0,1.0,0.0,0.04,0.0,0.46,0.0,0.0,1.0,0.27,0.47,0.03,0.22,0.0,0.0,0.0,0.0,0.54,0.0,0.46,1.0,1.0,0.0,0.0,0.0,0.0,0.0,0.0,1.0,1.0,123258043.0,1285351469,1728576157,Thu Oct 10 12:02:37 2024,1728576673,Thu Oct 10 12:11:13 2024,515.7903,48234496.0,24.0,0.0,0.0,0.0,0.0,0.0,0.0,0.0,1157627904.0,0.0,23.0,0.0,0.0,1157627904.0,0.0,0.0,4096.0,0.0,0.0,0.6587100028991699,0.6587021350860596,0.6506500244140625,0.0,0.1429588794708252,7.581710815429688e-05,0.007864713668823242,0.00784611701965332,0.0,0.0,0.0,0.6506500244140625,0.0,0.0,0.6586723327636719,0.00788736343383789,0.6505742073059082,0.0,1157627903.0,0.0,48234496.0,8.0,0.0,-1.0,436.0,1.0,0.0,0.0,0.0,0.0,0.0,24.0,0.0,23.0,0.0,0.0,0.0,0.0,0.0,0.0,0.0,0.0,0.0,0.0,0.0,0.0,0.0,0.0,0.0,24.0,0.0,0.0,0.0,0.0,0.0,1157627904.0,0.0,0.0,0.0,0.0,0.0,0.0,0.0,0.0,0.0,24.0,1434.375382,0.766886,0,0,0,0,0,0,11,104859647,1153435392,11,104859647,1153435392,0,0,0,11,104859647,1153435392,0.766886,1153435392,0,0.0,0.0,0.0,0,0,0,0,0,0,0,0,0,0,0,0,0,0,0,0.0,0.0,0.0,0.0,0.0,0.0,0.0,0.0,0.0,0.0,0.0,0.0,0.0,0.0,0.0,0.0,0.0,0,0,0,0,0,0,0,0,0,0,0,0,0,0,0,0,0,0,0,0,0,0,0,0,0,0.0,0.0,0.0,0.0,0.0,0.0,0.0,0.0,0.0,0.0,0.0,0.0,0.0,0.0,0.0,0,0,0,0,0,0,0,0,0.0,0.0,0,0,0,0,0,0,0.0,0,0,0.0,0.0,0.0,0.0,384.0,0.0,384.0,0.0,7.0,0.0,0.0,4.6253204345703125e-05,0.0,0.0,0.0,0.0,0.0,0.0,4.6253204345703125e-05,0.0,0.0,0.7151954174041748,0.0003361701965332031,4.6253204345703125e-05,0.0,383.0,1.0,0.0,0.0,0.0,384.0,13.0,0.375553,0.002263,1.0,64.0,65.0,0.0,0.0,0.0,12.0,825.0,891.0,12.0,825.0,891.0,0.0,0.0,0.0,1.0,825.0,826.0,0.002263,891.0,0.0,0.0,0.0,0.0,1153435392,mpirun --allow-run-as-root -x LD_PRELOAD=/opt/darshan-install/lib/libdarshan.so -np 1 ior -a POSIX -b 46M -t 46M -s 24 -w -o /tmp/val_236.dat
237,445,0_ior_id24886-24886_3-4-72748-14602331620834718068_1.darshan,3212166,32,1.0,0.0,1.0,0.0,1.0,1.0,0.5,1.0,0.0,1.0,0.5,0.3333333333333333,0.3333333333333333,1.0,1.0,1.0,0.0,0.0,0.3333333333333333,read_dom,write_dom,read_dom,write_dom,high,high,med,high,low,high,med,pct_read_dom_0,pct_write_dom_0,io_heavy,mostly_shared,vol_shared,pct_bytes_ro,pct_ro,stat,0.43,0.14,0.92,0.08,0.62,0.99,0.94,0.99,0.0,1.0,0.0,0.75,0.05,0.17,0.03,0.0,0.97,0.03,0.0,0.99,0.01,0.0,0.66,0.91,0.34,0.09,0.87,1.0,0.01,0.0,0.12,0.0,4280298227.0,1366244140,1739340317,Wed Feb 12 01:05:17 2025,1739340334,Wed Feb 12 01:05:34 2025,16.4114,4096.0,2048.0,0.0,0.0,0.0,0.0,0.0,0.0,0.0,8388608.0,0.0,0.0,0.0,24.0,262144.0,0.0,0.0,4096.0,0.0,0.0,0.04465961456298828,0.028052330017089844,0.0005235671997070312,0.0,0.005331277847290039,0.0021047592163085938,0.04126095771789551,0.02522420883178711,0.0,0.0,0.0,0.008607625961303711,0.0,4.412864875069644e-06,0.04465770721435547,0.025365352630615234,0.10107088088989258,0.0,8388607.0,0.0,4096.0,8.0,0.0,-1.0,436.0,32.0,0.0,0.0,0.0,0.0,0.0,2048.0,0.0,2047.0,0.0,0.0,0.0,0.0,0.0,0.0,0.0,0.0,0.0,0.0,0.0,0.0,0.0,0.0,0.0,0.0,0.0,2048.0,0.0,0.0,7.0,262144.0,0.0,2016.0,126976.0,0.0,0.0,0.0,0.0,0.0,0.0,2048.0,1695.255405,1.154925,104,3732528175,2043149287,1,1061096,1061097,79,3732865490,1866953985,120,3732528175,2052998796,41,116551599,186044811,15,7578739,8788412,0.98549,2052998796,0,0.169434,0.055229,0.114205,200,115,4320,112,277120,170,8,175,565898508,7568508,268,508,46,-1,-1,16.382473,0.465194,0.0,0.096114,0.001505,11.426873,16.268619,0.178645,15.899564,0.212214,0.71151,0.0,0.0,0.0,16.36564,16.305176,0.020393,402,134,1172,2,864,648000,9,0,0,0,267,368,0,312,405,8,0,310,10,0,1,19,0,0,20,0.0,0.0,8.0,0.0,0.0,-1.0,-1.0,0.0,0.0,0.0,1593.0,85.610434,6.388249,72.0,-1.0,565898508,0,0,0,73,-1,573467016,73,-1.0,573467016.0,0,0,0,1,-1,7568508,0.0,573467016,0,6.388249,5.711931,0.676318,0.0,384.0,0.0,0.0,0.0,7.0,0.0,0.0,0.0,0.0,0.0,0.0,0.0,0.0,0.0,0.0,0.0,0.0,0.046224117279052734,0.028371810913085938,0.0006744861602783203,0.0,383.0,1.0,0.0,0.0,0.0,0.0,13.0,9.151487,0.082814,17.0,1023.0,290816.0,0.0,0.0,0.0,6.0,6025.0,230282.0,24.0,190103.0,794690.0,18.0,190103.0,564408.0,5.0,190103.0,503874.0,0.018966,794690.0,0.0,0.063848,0.006008,0.05784,2052998796,mpirun --allow-run-as-root --oversubscribe -x LD_PRELOAD=/opt/darshan-install/lib/libdarshan.so -np 32 ior -a POSIX -b 4K -t 4K -s 64 -w -o /tmp/val_237_w.dat
344,398,0_ior_id25299-25299_3-4-72755-9690601664644272737_1.darshan,3058887,64,0.0,1.0,0.0,1.0,0.5,1.0,0.5,0.5,0.0,1.0,0.0,0.3333333333333333,0.3333333333333333,0.0,0.0,0.0,0.25,0.25,0.0,write_dom,read_dom,write_dom,read_dom,med,high,med,med,low,high,low,pct_read_dom_0,pct_write_dom_0,meta_heavy,exclusive,vol_exclusive,pct_bytes_wo,pct_wo,open,0.71,0.02,0.07,0.93,0.5,0.38,0.5,0.7,0.0,0.04,0.96,0.3,0.5,0.0,0.2,0.0,0.75,0.25,0.0,0.67,0.33,0.0,0.06,0.09,0.94,0.91,0.0,0.0,0.06,0.09,0.94,0.91,3220651298.0,1285351469,1729807479,Thu Oct 24 18:04:39 2024,1729807561,Thu Oct 24 18:06:01 2024,81.6805,47710208.0,1664.0,0.0,0.0,0.0,0.0,0.0,0.0,0.0,1240465408.0,0.0,1600.0,0.0,0.0,0.0,0.0,0.0,262144.0,0.0,64.0,56.34758234024048,56.34608507156372,0.0,0.0,1.9633171558380127,0.042162179946899414,3.1645421981811523,3.1261353492736816,0.0,0.0,0.0,0.0,0.0,0.0,8.470181941986084,3.1759402751922607,53.107303619384766,0.0,1240465344.0,0.0,47710208.0,512.0,0.0,-64.0,27904.0,64.0,0.0,0.0,0.0,0.0,0.0,1664.0,0.0,1600.0,0.0,0.0,0.0,0.0,0.0,0.0,0.0,0.0,0.0,0.0,0.0,1664.0,0.0,0.0,0.0,0.0,0.0,0.0,0.0,0.0,0.0,0.0,0.0,0.0,0.0,0.0,0.0,0.0,0.0,0.0,0.0,1664.0,5292.123851,0.237434,0,0,0,31,3276871,118221129,31,3276871,118221129,559,104859647,1317568168,528,104859647,1199347039,528,104859647,1199347039,0.0,1317568168,0,0.237434,0.049508,0.187926,0,0,0,0,0,0,0,0,0,0,0,0,0,0,0,0.0,0.0,0.0,0.0,0.0,0.0,0.0,0.0,0.0,0.0,0.0,0.0,0.0,0.0,0.0,0.0,0.0,0,0,0,0,0,0,0,0,0,0,0,0,0,0,0,0,0,0,0,0,0,0,0,0,0,0.0,0.0,0.0,0.0,0.0,0.0,0.0,0.0,0.0,0.0,0.0,0.0,0.0,0.0,0.0,0,0,0,0,0,0,0,0,0.0,0.0,0,0,0,0,0,0,0.0,0,0,0.0,0.0,0.0,0.0,384.0,0.0,0.0,0.0,7.0,0.0,0.0,0.0,0.0,0.0,0.0,0.0,0.0,0.0,0.0,0.0,0.0,0.9496865272521973,0.019803762435913086,6.437301635742188e-05,0.0,383.0,1.0,0.0,0.0,0.0,0.0,13.0,1.117432,0.10571,1.0,62.0,4032.0,0.0,0.0,0.0,33.0,7958.0,123862.0,560.0,7958.0,123862.0,527.0,0.0,0.0,1.0,7958.0,119830.0,0.000731,123862.0,47.0,0.104979,0.104979,0.0,1317568168,mpirun --allow-run-as-root --oversubscribe -x LD_PRELOAD=/opt/darshan-install/lib/libdarshan.so -np 64 ior -a POSIX -b 728K -t 728K -s 26 -w -F -e -o /tmp/val_344_w.dat
50,393,0_ior_id26060-26060_3-4-72759-11612696522926435891_1.darshan,2041899,4,0.0,1.0,0.5,0.5,1.0,1.0,0.0,0.0,0.0,1.0,0.0,0.6666666666666666,1.0,0.0,1.0,1.0,0.25,0.0,0.0,write_dom,read_dom,balanced,balanced,high,high,low,low,low,high,low,pct_read_dom_1,pct_write_dom_2,meta_heavy,mostly_shared,vol_shared,pct_bytes_wo,pct_ro,open,0.71,0.0,0.57,0.43,0.0,0.0,0.75,0.67,0.0,0.0,1.0,0.29,0.42,0.29,0.0,0.0,0.0,1.0,0.0,0.0,0.0,1.0,1.0,1.0,0.0,0.0,0.5,0.0,0.0,0.0,0.5,1.0,2014507805.0,563631097,1722319688,Tue Jul 30 02:08:08 2024,1722319735,Tue Jul 30 02:08:55 2024,47.1021,536870992.0,10.0,293601280.0,4.0,0.0,0.0,0.0,0.0,0.0,5469372496.0,0.0,8.0,0.0,5.0,1367343104.0,0.0,0.0,45056.0,0.0,0.0,48.33078598976135,35.12150263786316,5.56116795539856,0.0,3.2222700119018555,0.1688845157623291,48.32823324203491,28.587759733200073,0.0,0.0,0.0,6.569296836853027,299.99999999999994,0.1419113718691385,19.112120866775513,12.584174156188965,24.195001125335693,0.0,5469372493.0,0.0,536870992.0,88.0,0.0,-11.0,4200.0,22.0,0.0,0.0,0.0,0.0,0.0,2.0,0.0,11.0,0.0,0.0,0.0,0.0,0.0,0.0,0.0,0.0,0.0,0.0,2.0,0.0,12.0,0.0,0.0,0.0,0.0,0.0,0.0,0.0,2.0,1367343144.0,0.0,0.0,0.0,0.0,0.0,0.0,0.0,0.0,0.0,14.0,1052.129832,4.729014,1,1323479,1323480,0,0,0,2,3471846631,5217228288,2,3471846631,5217228288,0,0,0,1,3471846631,5215904808,4.729014,5217228288,0,0.0,0.0,0.0,1367343104.0,4.0,0.0,0.0,0.0,0.0,0.0,0.0,0.0,5469372416.0,4.0,0.0,0.0,3.0,1367343104.0,8.578040838241577,7.5244011878967285,6.5752575397491455,0.0,6.527926921844482,2.1097450256347656,8.577220439910889,1.9976377487182617,0.0,0.0,0.0,6.579114675521851,0.0,1.8824121639227087e-06,8.532273530960083,2.0043084621429443,24.198410034179688,5.0,1.0,0.0,4.0,0.0,1367343104.0,37.0,0.0,0.0,0.0,0.0,0.0,0.0,0.0,0.0,0.0,0.0,0.0,0.0,0.0,0.0,0.0,0.0,0.0,0.0,0.0,4.0,0.0,0.0,0.0,0.0,1367343104.0,0.0,0.0,0.0,0.0,819.776198,6.069384,1.0,-1.0,1323480,0,0,0,2,-1,5217228288,2,-1.0,5217228288.0,0,0,0,1,-1,5215904808,6.069384,5217228288,0,0.0,0.0,0.0,0.0,384.0,0.0,0.0,0.0,7.0,0.0,0.0,0.0,0.0,0.0,0.0,0.0,0.0,0.0,0.0,0.0,0.0,8.614234447479248,0.0005271434783935547,0.00013399124145507812,0.0,383.0,1.0,0.0,0.0,0.0,0.0,13.0,2.95935,2.9e-05,0.0,0.0,0.0,0.0,0.0,0.0,1.0,90.0,91.0,1.0,90.0,91.0,0.0,0.0,0.0,1.0,90.0,91.0,2.9e-05,91.0,0.0,0.0,0.0,0.0,5217228288,mpirun --allow-run-as-root -x LD_PRELOAD=/opt/darshan-install/lib/libdarshan.so -np 4 ior -a MPIIO -b 1304M -t 1304M -s 1 -w -o /tmp/val_50.dat -k
225,322,0_ior_id26163-26163_3-4-72770-15192912356373044213_1.darshan,3061734,8,0.0,1.0,0.0,1.0,0.0,1.0,0.0,1.0,0.0,1.0,0.0,0.0,0.6666666666666666,1.0,0.0,0.0,0.25,0.25,0.3333333333333333,write_dom,read_dom,write_dom,read_dom,low,high,low,high,low,high,low,pct_read_mixed,pct_write_dom_1,io_heavy,exclusive,vol_exclusive,pct_bytes_wo,pct_wo,stat,0.88,0.0,0.0,1.0,0.0,0.73,0.0,0.84,0.0,0.0,1.0,0.86,0.05,0.09,0.0,0.0,0.0,0.0,0.0,0.2,0.8,0.01,0.0,0.0,1.0,1.0,0.0,0.0,0.0,0.0,1.0,1.0,1250906793.0,4073780188,1730037520,Sun Oct 27 09:58:40 2024,1730037586,Sun Oct 27 09:59:46 2024,66.7393,33554432.0,1000.0,0.0,0.0,0.0,0.0,0.0,0.0,0.0,4194304000.0,0.0,992.0,0.0,0.0,0.0,0.0,0.0,32768.0,0.0,8.0,33.63544273376465,33.63530492782593,0.0,0.0,2.940603733062744,0.0032427310943603516,0.4680933952331543,0.46756601333618164,0.0,0.0,0.0,0.0,0.0,0.0,21.51519799232483,0.46895933151245117,33.150840282440186,0.0,4194303992.0,0.0,33554432.0,64.0,0.0,-8.0,3488.0,8.0,0.0,0.0,0.0,0.0,0.0,1000.0,0.0,992.0,0.0,0.0,0.0,0.0,0.0,0.0,0.0,0.0,0.0,0.0,0.0,0.0,0.0,0.0,0.0,0.0,0.0,0.0,1000.0,0.0,0.0,0.0,0.0,0.0,0.0,0.0,0.0,0.0,0.0,0.0,0.0,1000.0,1912.253526,2.091029,0,0,0,0,0,0,0,0,0,54,110809339,4192813296,54,110809339,4192813296,39,110809339,4192813296,0.0,4192813296,0,2.091029,0.115808,1.975222,0,0,0,0,0,0,0,0,0,0,0,0,0,0,0,0.0,0.0,0.0,0.0,0.0,0.0,0.0,0.0,0.0,0.0,0.0,0.0,0.0,0.0,0.0,0.0,0.0,0,0,0,0,0,0,0,0,0,0,0,0,0,0,0,0,0,0,0,0,0,0,0,0,0,0.0,0.0,0.0,0.0,0.0,0.0,0.0,0.0,0.0,0.0,0.0,0.0,0.0,0.0,0.0,0,0,0,0,0,0,0,0,0.0,0.0,0,0,0,0,0,0,0.0,0,0,0.0,0.0,0.0,0.0,384.0,0.0,0.0,0.0,7.0,0.0,0.0,0.0,0.0,0.0,0.0,0.0,0.0,0.0,0.0,0.0,0.0,4.279624700546265,0.04301571846008301,0.00012755393981933594,0.0,383.0,1.0,0.0,0.0,0.0,0.0,13.0,24.12177,0.403344,3.0,263187.0,9446839.0,1.0,68546.0,137094.0,3.0,263187.0,9470469.0,19.0,263187.0,10201989.0,16.0,263187.0,731520.0,4.0,263187.0,618056.0,0.355488,10201989.0,0.0,0.047857,0.009169,0.038687,4192813296,mpirun --allow-run-as-root --oversubscribe -x LD_PRELOAD=/opt/darshan-install/lib/libdarshan.so -np 8 ior -a POSIX -b 4M -t 4M -s 125 -w -F -e -o /tmp/val_225.dat
83,289,0_ior_id26226-26226_3-4-72775-227283632700836321_1.darshan,3084763,4,0.0,1.0,0.5,0.5,0.5,1.0,0.0,0.0,1.0,1.0,0.0,0.3333333333333333,0.3333333333333333,1.0,0.0,0.0,0.5,0.5,0.0,write_dom,read_dom,balanced,balanced,med,high,low,low,high,high,low,pct_read_dom_0,pct_write_dom_0,io_heavy,exclusive,vol_exclusive,pct_bytes_rw,pct_rw,open,1.0,0.0,0.43,0.57,0.01,0.24,0.62,0.83,0.28,0.0,1.0,1.0,0.0,0.0,0.0,0.0,1.0,0.0,0.0,0.77,0.0,0.23,0.04,0.0,0.96,1.0,0.0,0.0,1.0,1.0,0.0,0.0,728307747.0,3548779347,1732089046,Wed Nov 20 02:50:46 2024,1732089334,Wed Nov 20 02:55:34 2024,287.6,20971520.0,14912.0,0.0,0.0,0.0,0.0,0.0,0.0,0.0,78181826560.0,0.0,14908.0,0.0,0.0,0.0,0.0,0.0,16384.0,0.0,4.0,531.969822883606,531.9697878360748,0.0,0.0,33.24621510505676,0.03334522247314453,0.015015363693237305,0.014810323715209961,0.0,0.0,0.0,0.0,0.0,0.0,502.1332018375397,0.015346527099609375,531.8007252216339,0.0,78181826556.0,0.0,20971520.0,32.0,0.0,-4.0,1744.0,4.0,0.0,0.0,0.0,0.0,0.0,14912.0,0.0,14908.0,0.0,0.0,0.0,0.0,0.0,0.0,0.0,0.0,0.0,0.0,0.0,0.0,0.0,0.0,0.0,0.0,0.0,0.0,0.0,14912.0,0.0,0.0,0.0,0.0,0.0,0.0,0.0,0.0,0.0,0.0,0.0,14912.0,1122.503195,68.374769,0,0,0,1,80471241435,80479147873,1,0,0,27,80471241435,80479147873,26,80471241435,80479147873,0,0,0,0.0,80479147873,0,68.374768,0.020671,68.354097,0,0,0,0,0,0,0,0,0,0,0,0,0,0,0,0.0,0.0,0.0,0.0,0.0,0.0,0.0,0.0,0.0,0.0,0.0,0.0,0.0,0.0,0.0,0.0,0.0,0,0,0,0,0,0,0,0,0,0,0,0,0,0,0,0,0,0,0,0,0,0,0,0,0,0.0,0.0,0.0,0.0,0.0,0.0,0.0,0.0,0.0,0.0,0.0,0.0,0.0,0.0,0.0,0,0,0,0,0,0,0,0,0.0,0.0,0,0,0,0,0,0,0.0,0,0,0.0,0.0,0.0,0.0,384.0,0.0,0.0,0.0,7.0,0.0,0.0,0.0,0.0,0.0,0.0,0.0,0.0,0.0,0.0,0.0,0.0,133.80655908584595,0.0014057159423828125,5.2928924560546875e-05,0.0,383.0,1.0,0.0,0.0,0.0,0.0,13.0,2304.515871,97.949997,28.0,3952460983.0,79228140459.0,4.0,19686126719.0,157464101760.0,7.0,326170.0,4748543.0,35.0,19686126719.0,236692252388.0,28.0,19686126719.0,236687503845.0,3.0,6068.0,10169.0,0.158848,236692252388.0,0.0,97.791148,0.041708,97.74944,80479147873,mpirun --allow-run-as-root -x LD_PRELOAD=/opt/darshan-install/lib/libdarshan.so -np 4 ior -a POSIX -b 5M -t 5M -s 3728 -w -F -e -o /tmp/val_83.dat
322,286,0_ior_id26641-26641_3-4-72911-7393922027912794093_1.darshan,3060703,8,0.0,1.0,0.0,1.0,0.0,1.0,0.0,0.0,0.0,1.0,0.0,0.0,0.3333333333333333,1.0,0.0,0.0,0.25,0.25,0.0,write_dom,read_dom,write_dom,read_dom,low,high,low,low,low,high,low,pct_read_mixed,pct_write_dom_0,io_heavy,exclusive,vol_exclusive,pct_bytes_wo,pct_wo,open,0.98,0.0,0.0,1.0,0.0,0.29,0.0,0.97,0.0,0.0,1.0,0.89,0.08,0.03,0.0,0.0,0.0,0.0,0.0,0.68,0.32,0.0,0.04,0.0,0.96,1.0,0.0,0.0,0.0,0.0,1.0,1.0,391172838.0,4073780188,1729869990,Fri Oct 25 11:26:30 2024,1729870000,Fri Oct 25 11:26:40 2024,10.1651,14336000.0,864.0,0.0,0.0,0.0,0.0,0.0,0.0,0.0,1548288000.0,0.0,856.0,0.0,0.0,0.0,0.0,0.0,32768.0,432.0,8.0,100.68922901153564,100.6891143321991,0.0,0.0,0.556570291519165,0.0022346973419189453,0.38695669174194336,0.3858006000518799,0.0,0.0,0.0,0.0,0.0,0.0,4.120527744293213,0.3895456790924072,100.29578852653503,0.0,1548287992.0,0.0,14336000.0,64.0,0.0,-8.0,3488.0,8.0,0.0,0.0,0.0,0.0,0.0,864.0,0.0,856.0,0.0,0.0,0.0,0.0,0.0,0.0,0.0,0.0,0.0,0.0,0.0,0.0,0.0,0.0,0.0,0.0,0.0,0.0,864.0,0.0,0.0,0.0,0.0,0.0,0.0,0.0,0.0,0.0,0.0,0.0,0.0,864.0,1123.531723,1.312709,0,0,0,0,0,0,1,0,0,25,1546336731,1546513609,24,1546336731,1546513609,1,1546336731,1546513609,1e-06,1546513609,0,1.312708,0.01705,1.295658,0,0,0,0,0,0,0,0,0,0,0,0,0,0,0,0.0,0.0,0.0,0.0,0.0,0.0,0.0,0.0,0.0,0.0,0.0,0.0,0.0,0.0,0.0,0.0,0.0,0,0,0,0,0,0,0,0,0,0,0,0,0,0,0,0,0,0,0,0,0,0,0,0,0,0.0,0.0,0.0,0.0,0.0,0.0,0.0,0.0,0.0,0.0,0.0,0.0,0.0,0.0,0.0,0,0,0,0,0,0,0,0,0.0,0.0,0,0,0,0,0,0,0.0,0,0,0.0,0.0,0.0,0.0,384.0,0.0,0.0,0.0,7.0,0.0,0.0,0.0,0.0,0.0,0.0,0.0,0.0,0.0,0.0,0.0,0.0,12.621940612792969,0.05204200744628906,0.00013518333435058594,0.0,383.0,1.0,0.0,0.0,0.0,0.0,13.0,1837.172403,2.216536,25.0,110805363.0,1520959836.0,8.0,172548095.0,2749001728.0,7.0,263184.0,9920977.0,36.0,172548095.0,4269967582.0,29.0,172548095.0,4260046605.0,3.0,2788.0,6018.0,0.326774,4269967582.0,0.0,1.889762,0.071807,1.817955,1546513609,mpirun --allow-run-as-root --oversubscribe -x LD_PRELOAD=/opt/darshan-install/lib/libdarshan.so -np 8 ior -a POSIX -b 1750K -t 1750K -s 108 -w -F -e -o /tmp/val_322.dat
258,247,0_ior_id26785-26785_3-4-72924-15846747471773052015_1.darshan,2088597,1,1.0,0.0,1.0,0.0,1.0,0.5,1.0,0.0,0.0,1.0,0.0,1.0,0.3333333333333333,0.0,1.0,1.0,0.0,0.25,0.0,read_dom,write_dom,read_dom,write_dom,high,med,high,low,low,high,low,pct_read_dom_2,pct_write_dom_0,meta_heavy,mostly_shared,vol_shared,pct_bytes_ro,pct_wo,open,0.67,0.0,0.67,0.33,0.75,0.25,0.75,0.5,0.0,0.99,0.01,0.36,0.33,0.06,0.06,0.18,0.0,0.0,1.0,0.5,0.0,0.5,1.0,1.0,0.0,0.0,0.4,0.99,0.0,0.0,0.6,0.01,4208711213.0,536320978,1726433338,Sun Sep 15 16:48:58 2024,1726433359,Sun Sep 15 16:49:19 2024,21.296,29360128.0,4.0,0.0,0.0,0.0,0.0,0.0,0.0,0.0,117440512.0,0.0,3.0,0.0,0.0,117440512.0,0.0,0.0,4096.0,0.0,0.0,0.057177066802978516,0.0571744441986084,0.04883766174316406,0.0,0.014791488647460938,3.4809112548828125e-05,0.008323192596435547,0.008295774459838867,0.0,0.0,0.0,0.04883766174316406,0.0,0.0,0.05716824531555176,0.00834202766418457,0.048802852630615234,0.0,117440511.0,0.0,29360128.0,8.0,0.0,-1.0,436.0,1.0,0.0,0.0,0.0,0.0,0.0,4.0,0.0,3.0,0.0,0.0,0.0,0.0,0.0,0.0,0.0,0.0,0.0,0.0,0.0,0.0,0.0,0.0,0.0,4.0,0.0,0.0,0.0,0.0,0.0,117440512.0,0.0,0.0,0.0,0.0,0.0,0.0,0.0,0.0,0.0,4.0,900.90851,15.998252,2,7497964767,14995929536,0,0,0,6,7497964767,15113085747,6,7497964767,15113085747,0,0,0,3,58577855,117156211,15.998252,15113085747,0,0.0,0.0,0.0,0,0,0,0,0,0,0,0,0,0,0,0,0,0,0,0.0,0.0,0.0,0.0,0.0,0.0,0.0,0.0,0.0,0.0,0.0,0.0,0.0,0.0,0.0,0.0,0.0,0,0,0,0,0,0,0,0,0,0,0,0,0,0,0,0,0,0,0,0,0,0,0,0,0,0.0,0.0,0.0,0.0,0.0,0.0,0.0,0.0,0.0,0.0,0.0,0.0,0.0,0.0,0.0,0,0,0,0,0,0,0,0,0.0,0.0,0,0,0,0,0,0,0.0,0,0,0.0,0.0,0.0,0.0,384.0,0.0,384.0,0.0,7.0,0.0,0.0,3.1948089599609375e-05,0.0,0.0,0.0,0.0,0.0,0.0,3.1948089599609375e-05,0.0,0.0,0.06328845024108887,0.00026106834411621094,3.1948089599609375e-05,0.0,383.0,1.0,0.0,0.0,0.0,384.0,13.0,0.588853,0.001908,0.0,0.0,0.0,0.0,0.0,0.0,2.0,1177.0,1178.0,2.0,1177.0,1178.0,0.0,0.0,0.0,1.0,1177.0,1178.0,0.001908,1178.0,0.0,0.0,0.0,0.0,15113085747,mpirun --allow-run-as-root -x LD_PRELOAD=/opt/darshan-install/lib/libdarshan.so -np 1 ior -a POSIX -b 28M -t 28M -s 4 -w -o /tmp/val_258_w.dat
207,209,0_ior_id26967-26967_3-4-72955-891517340191237325_1.darshan,3115047,64,0.0,1.0,0.0,1.0,0.5,1.0,0.5,1.0,0.5,0.5,0.5,0.3333333333333333,0.6666666666666666,1.0,1.0,1.0,0.5,0.5,0.0,write_dom,read_dom,write_dom,read_dom,med,high,med,high,med,med,med,pct_read_dom_0,pct_write_dom_1,io_heavy,mostly_shared,vol_shared,pct_bytes_rw,pct_rw,open,0.2,0.2,0.3,0.7,0.33,0.71,0.33,0.71,0.1,0.33,0.67,0.77,0.23,0.0,0.0,0.0,0.67,0.33,0.0,0.22,0.78,0.0,0.97,0.66,0.03,0.34,0.0,0.0,0.97,0.66,0.03,0.34,15571857.0,2852374858,1734359979,Mon Dec 16 09:39:39 2024,1734359997,Mon Dec 16 09:39:57 2024,17.104,176128.0,448.0,0.0,0.0,0.0,0.0,0.0,0.0,0.0,78905344.0,0.0,0.0,0.0,49.0,1232896.0,0.0,0.0,4096.0,0.0,0.0,0.11296939849853516,0.04772233963012695,0.0005090236663818359,0.0,0.05254983901977539,0.0008904933929443359,0.05632734298706055,0.04343104362487793,0.0,0.0,0.0,0.06206536293029785,0.0,0.0004279589770382758,0.11296415328979492,0.04359292984008789,2.1299757957458496,0.0,78905343.0,0.0,176128.0,8.0,0.0,-1.0,436.0,64.0,0.0,0.0,0.0,0.0,0.0,448.0,0.0,447.0,0.0,0.0,0.0,0.0,0.0,0.0,0.0,0.0,0.0,0.0,0.0,448.0,0.0,0.0,0.0,0.0,0.0,0.0,0.0,0.0,35.0,1232896.0,0.0,384.0,11096064.0,0.0,0.0,0.0,0.0,0.0,0.0,448.0,1328.812094,0.084675,0,0,0,64,658518,78453200,64,658521,78453200,66,39226345,117982236,2,39226345,39529036,2,39226345,39529036,2.3e-05,117982236,0,0.084651,0.03304,0.051612,0,0,0,0,0,0,0,0,0,0,0,0,0,0,0,0.0,0.0,0.0,0.0,0.0,0.0,0.0,0.0,0.0,0.0,0.0,0.0,0.0,0.0,0.0,0.0,0.0,0,0,0,0,0,0,0,0,0,0,0,0,0,0,0,0,0,0,0,0,0,0,0,0,0,0.0,0.0,0.0,0.0,0.0,0.0,0.0,0.0,0.0,0.0,0.0,0.0,0.0,0.0,0.0,0,0,0,0,0,0,0,0,0.0,0.0,0,0,0,0,0,0,0.0,0,0,0.0,0.0,0.0,0.0,384.0,0.0,0.0,0.0,7.0,0.0,0.0,0.0,0.0,0.0,0.0,0.0,0.0,0.0,0.0,0.0,0.0,0.128068208694458,0.03881525993347168,0.00046443939208984375,0.0,383.0,1.0,0.0,0.0,0.0,0.0,13.0,0.629269,0.022794,2.0,119.0,15040.0,0.0,0.0,0.0,2.0,119.0,15040.0,2.0,119.0,15040.0,0.0,0.0,0.0,0.0,0.0,0.0,0.022794,15040.0,0.0,0.0,0.0,0.0,117982236,mpirun --allow-run-as-root --oversubscribe -x LD_PRELOAD=/opt/darshan-install/lib/libdarshan.so -np 64 ior -a POSIX -b 172K -t 172K -s 7 -w -o /tmp/val_207_w.dat
193,206,0_ior_id27732-27732_3-4-72959-18238193596841267054_1.darshan,2101804,512,0.0,1.0,0.0,1.0,0.0,1.0,0.0,0.0,0.0,0.0,0.0,0.0,0.6666666666666666,1.0,1.0,1.0,0.25,0.25,0.0,write_dom,read_dom,write_dom,read_dom,low,high,low,low,low,low,low,pct_read_mixed,pct_write_dom_1,io_heavy,mostly_shared,vol_shared,pct_bytes_wo,pct_wo,open,0.01,0.0,0.0,1.0,0.0,0.01,0.0,1.0,0.0,0.0,1.0,0.78,0.11,0.0,0.0,0.11,0.0,0.0,0.0,0.0,1.0,0.0,1.0,1.0,0.0,0.0,0.0,0.0,0.0,0.0,1.0,1.0,1296247815.0,3816304700,1727740991,Mon Sep 30 20:03:11 2024,1727743290,Mon Sep 30 20:41:30 2024,2298.8635,2097232.0,1667.0,0.0,0.0,0.0,0.0,0.0,0.0,0.0,3489661048.0,0.0,0.0,0.0,68.0,0.0,0.0,0.0,536576.0,0.0,0.0,24.759422302246094,13.988562822341919,0.03229331970214844,0.0,0.05964517593383789,9.61925721168518,24.755295276641846,9.381312608718872,0.0,0.0,0.0,1.4999473094940186,2.081155609054415e+16,0.15565599013676973,9.777334451675415,5.184580564498901,8.980481624603271,0.0,3489661005.0,0.0,2097232.0,1048.0,0.0,-131.0,54600.0,266.0,0.0,0.0,0.0,0.0,0.0,2.0,0.0,1663.0,0.0,0.0,0.0,0.0,0.0,0.0,0.0,0.0,0.0,0.0,3.0,0.0,0.0,0.0,0.0,0.0,0.0,0.0,1664.0,0.0,48.0,436207656.0,0.0,1656.0,14680064.0,0.0,0.0,0.0,0.0,0.0,0.0,1667.0,4499.352692,0.782168,0,0,0,0,0,0,1,3690201847,3690200352,1,3690201847,3690200352,0,0,0,1,3690201847,3690200352,0.782168,3690200352,0,0.0,0.0,0.0,262144.0,13312.0,0.0,0.0,0.0,0.0,0.0,0.0,0.0,3489660928.0,64.0,0.0,13312.0,12.0,54525952.0,5.137672662734985,4.592061996459961,4.702855587005615,0.0,0.10962128639221191,20.359028816223145,5.13763689994812,0.01997089385986328,0.0,0.0,0.0,5.086930513381958,0.0,0.02919974760526478,4.60767126083374,0.036357879638671875,291.69883155822754,66.0,2.0,0.0,0.0,0.0,262144.0,37.0,0.0,0.0,0.0,0.0,0.0,0.0,0.0,0.0,0.0,0.0,0.0,0.0,0.0,0.0,13312.0,0.0,0.0,0.0,0.0,0.0,0.0,0.0,0.0,19.0,54525952.0,0.0,0.0,0.0,0.0,1528.013816,2.303153,0.0,0.0,0,0,0,0,1,-1,3690200352,1,-1.0,3690200352.0,0,0,0,1,-1,3690200352,2.303153,3690200352,0,0.0,0.0,0.0,0.0,384.0,0.0,0.0,0.0,7.0,0.0,0.0,0.0,0.0,0.0,0.0,0.0,0.0,0.0,0.0,0.0,0.0,5.380874872207642,0.0165860652923584,0.00021147727966308594,0.0,383.0,1.0,0.0,0.0,0.0,0.0,13.0,0.000302,2292.331602,2.0,11166.0,191903.0,0.0,0.0,0.0,4.0,19063.0,715481.0,5.0,19063.0,726648.0,1.0,11166.0,11167.0,3.0,19063.0,534745.0,2292.325051,726648.0,0.0,0.006552,0.004424,0.002127,3690200352,mpirun --allow-run-as-root --oversubscribe -x LD_PRELOAD=/opt/darshan-install/lib/libdarshan.so -np 64 ior -a MPIIO -b 256K -t 256K -s 208 -w -c -o /tmp/val_193.dat
138,200,0_ior_id28161-28161_3-4-72965-5204128196742410950_1.darshan,2692288,1,1.0,0.0,1.0,0.0,1.0,0.5,1.0,0.0,0.0,1.0,0.0,0.3333333333333333,0.3333333333333333,0.5,1.0,1.0,0.0,0.75,0.0,read_dom,write_dom,read_dom,write_dom,high,med,high,low,low,high,low,pct_read_dom_0,pct_write_dom_0,balanced,mostly_shared,vol_shared,pct_bytes_ro,pct_split_dual,open,0.95,0.0,0.96,0.04,0.97,0.05,0.97,0.45,0.02,0.86,0.14,0.45,0.46,0.04,0.0,0.04,1.0,0.0,0.0,0.99,0.01,0.0,1.0,1.0,0.0,0.0,0.17,0.84,0.35,0.03,0.48,0.13,1778199429.0,1916633416,1728690946,Fri Oct 11 19:55:46 2024,1728691123,Fri Oct 11 19:58:43 2024,176.7141,33792.0,683.0,0.0,0.0,0.0,0.0,0.0,0.0,0.0,23079936.0,0.0,682.0,0.0,0.0,23079936.0,0.0,0.0,4096.0,512.0,0.0,0.0069425106048583984,0.006941556930541992,0.0062754154205322266,0.0,0.000244140625,0.00020003318786621094,0.0004918575286865234,0.00048351287841796875,0.0,0.0,0.0,0.0062754154205322266,0.0,0.0,0.006939411163330078,0.0004982948303222656,0.006075382232666016,0.0,23079935.0,0.0,33792.0,8.0,0.0,-1.0,436.0,1.0,0.0,0.0,0.0,0.0,0.0,683.0,0.0,682.0,0.0,0.0,0.0,0.0,0.0,0.0,0.0,0.0,0.0,0.0,0.0,0.0,0.0,0.0,683.0,0.0,0.0,0.0,0.0,0.0,0.0,23079936.0,0.0,0.0,0.0,0.0,0.0,0.0,0.0,0.0,0.0,683.0,22.226574,7.101875,132,119665992,138834930,274,663606,5663109,1024,119665992,165518078,1024,119665992,165518078,0,0,0,373,17026063,21020039,7.101875,165518078,0,0.0,0.0,0.0,0,0,0,0,0,0,0,0,0,0,0,0,0,0,0,0.0,0.0,0.0,0.0,0.0,0.0,0.0,0.0,0.0,0.0,0.0,0.0,0.0,0.0,0.0,0.0,0.0,0,0,0,0,0,0,0,0,0,0,0,0,0,0,0,0,0,0,0,0,0,0,0,0,0,0.0,0.0,0.0,0.0,0.0,0.0,0.0,0.0,0.0,0.0,0.0,0.0,0.0,0.0,0.0,0,0,0,0,0,0,0,0,0.0,0.0,0,0,0,0,0,0,0.0,0,0,0.0,0.0,0.0,0.0,384.0,0.0,384.0,0.0,7.0,0.0,0.0,2.4080276489257812e-05,0.0,0.0,0.0,0.0,0.0,0.0,2.4080276489257812e-05,0.0,0.0,0.007844924926757812,0.0003151893615722656,2.4080276489257812e-05,0.0,383.0,1.0,0.0,0.0,0.0,384.0,13.0,8.535405,0.379637,92.0,198808.0,3311484.0,0.0,0.0,0.0,1022.0,198808.0,3397757.0,1022.0,198808.0,3397757.0,0.0,0.0,0.0,2.0,86203.0,86273.0,0.379637,3397757.0,0.0,0.0,0.0,0.0,165518078,mpirun --allow-run-as-root -x LD_PRELOAD=/opt/darshan-install/lib/libdarshan.so -np 1 ior -a POSIX -b 33K -t 33K -s 683 -w -o /tmp/val_138_w.dat
64,196,0_ior_id28213-28213_3-4-72968-13515110974225227192_1.darshan,3135525,16,1.0,0.0,0.0,1.0,1.0,1.0,1.0,1.0,0.0,1.0,0.0,0.3333333333333333,0.3333333333333333,1.0,0.0,0.0,0.0,0.0,0.0,read_dom,write_dom,write_dom,read_dom,high,high,high,high,low,high,low,pct_read_dom_0,pct_write_dom_0,io_heavy,exclusive,vol_exclusive,pct_bytes_ro,pct_ro,open,0.98,0.0,0.21,0.79,0.78,0.99,0.86,1.0,0.0,0.65,0.35,0.98,0.02,0.0,0.0,0.0,0.91,0.09,0.01,0.99,0.01,0.0,0.06,0.08,0.94,0.92,0.51,0.65,0.0,0.0,0.49,0.35,2943042833.0,1878885325,1737746988,Fri Jan 24 14:29:48 2025,1737747465,Fri Jan 24 14:37:45 2025,476.9419,344064.0,545536.0,0.0,0.0,0.0,0.0,0.0,0.0,0.0,11731206144.0,0.0,545520.0,0.0,0.0,0.0,0.0,0.0,65536.0,409152.0,16.0,149.41907286643982,149.41885590553284,0.0,0.0,3.382016897201538,0.4974031448364258,0.23886728286743164,0.23804402351379395,0.0,0.0,0.0,0.0,0.0,0.0,112.81252384185791,0.2401719093322754,148.10465550422668,0.0,11731206128.0,0.0,344064.0,128.0,0.0,-16.0,6976.0,16.0,0.0,0.0,0.0,0.0,0.0,545536.0,0.0,545520.0,0.0,0.0,0.0,0.0,0.0,0.0,0.0,0.0,0.0,0.0,0.0,0.0,0.0,0.0,545536.0,0.0,0.0,0.0,0.0,0.0,0.0,0.0,0.0,0.0,0.0,0.0,0.0,0.0,0.0,0.0,0.0,545536.0,844.053574,38.584282,2036,57727174,22309939492,0,0,0,226,42206469,2665536753,3974,57727174,34149185396,3748,57727174,31483648643,1938,14738103,11839245904,14.374219,34149185396,13,24.210063,0.576087,23.633975,0,0,0,0,0,0,0,0,0,0,0,0,0,0,0,0.0,0.0,0.0,0.0,0.0,0.0,0.0,0.0,0.0,0.0,0.0,0.0,0.0,0.0,0.0,0.0,0.0,0,0,0,0,0,0,0,0,0,0,0,0,0,0,0,0,0,0,0,0,0,0,0,0,0,0.0,0.0,0.0,0.0,0.0,0.0,0.0,0.0,0.0,0.0,0.0,0.0,0.0,0.0,0.0,0,0,0,0,0,0,0,0,0.0,0.0,0,0,0,0,0,0,0.0,0,0,0.0,0.0,0.0,0.0,384.0,0.0,0.0,0.0,7.0,0.0,0.0,0.0,0.0,0.0,0.0,0.0,0.0,0.0,0.0,0.0,0.0,9.497026205062866,0.011717557907104492,8.058547973632812e-05,0.0,383.0,1.0,0.0,0.0,0.0,0.0,13.0,12.593767,0.021151,0.0,0.0,0.0,0.0,0.0,0.0,0.0,0.0,0.0,4.0,273889.0,279314.0,4.0,273889.0,279314.0,2.0,273889.0,279314.0,0.0,279314.0,0.0,0.021151,0.002471,0.01868,34149185396,mpirun --allow-run-as-root --oversubscribe -x LD_PRELOAD=/opt/darshan-install/lib/libdarshan.so -np 16 ior -a POSIX -b 21K -t 21K -s 34096 -w -F -e -o /tmp/val_64_w.dat
